Unnamed: 0,ID,Last_Name,First_Name,NickName,ID2,IsUnused,SlotType,IsRegular,IsGener,IsDraftee,IsDrafted,ASA_ID,OvrdStYrs,Pos,SecondPos,Height,Weight,BirthDay,BirthMonth,Age,Hand,DunkHand,YearsPro,CollegeID,DraftedBy,DraftYear,DraftRound,DraftPos,CAP_Nick,Personality,Play4Winner,FinSecurity,Loyalty,PeakAgeS,PeakAgeE,PortrID,GenericF,CF_ID,AudioID_M,NmOrder,NmShType,SkinTone,Muscles,EyeColor,Bodytype,Clothes,HS_ID,CAP_FaceT,CAP_Hstl,CAP_Hcol,CAP_Hlen,CAP_BStyle,CAP_Moust,CAP_Goatee,CAP_Fhcol,CAP_Eyebr,CAP_TLftN,CAP_TLftS,CAP_TRgtS,CAP_TLftB,CAP_TRgtB,CAP_TLftF,CAP_TRgtF,PlayInitor,GoesTo3PT,PlayStyle,PlayType1,PlayType2,PlayType3,PlayType4,Number,IsFA,TeamID1,TeamID2,MinsAsg,Morale,Fatigue,FARestr,CtrThoughts,InjDaysLeft,InjType,PosRank,OvrlRank,IsScouted,StatY0,StatY1,StatY2,StatY3,StatY4,StatY5,StatY6,StatY7,StatY8,StatY9,StatY10,StatY11,StatY12,StatY13,StatY14,StatY15,StatY16,StatY17,StatY18,StatY19,StatPOs,GH_CarPts,GH_CarFGM,GH_CarFGA,GH_CarStl,GH_CarBlk,GH_Car3PM,GH_Car3PA,GH_CarFTM,GH_CarFTA,GH_CarOReb,GH_CarDReb,GH_CarRebs,GH_CarAst,GH_CarMins,GH_SeaPts,GH_SeaFGM,GH_SeaFGA,GH_SeaStl,GH_SeaBlk,GH_Sea3PM,GH_Sea3PA,GH_SeaFTM,GH_SeaFTA,GH_SeaOReb,GH_SeaDReb,GH_SeaRebs,GH_SeaAst,GH_SeaMins,Overall_I,SklBst,SShtLoP,SShtCls,SShtMed,SSht3PT,SShtFT,SDunk,SStdDunk,SLayUp,SLayUpStnd,SLayUpSpin,SLayUpEuro,SLayUpHop,SRunner,SStpThru,SShtInT,SPstFdaway,SPstHook,SShtOfD,SBallHndl,SOffHDrib,SBallSec,SPass,SBlock,SSteal,SHands,SOnBallD,SOReb,SDReb,SOLowPost,SDLowPost,SOAwar,SDAwar,SConsis,SStamina,SSpeed,SQuick,SStrength,SVertical,SHustle,SDurab,SPOT,SEmotion,SigSkill1,SigSkill2,SigSkill3,SigSkill4,SigSkill5,TShtTend,TInsShots,TCloseSht,TMidShots,T3PTShots,TPutbacks,TDriveLn,TPullUp,TPumpFake,TTrplThrt,TTTShot,TNoTT,TStrghtDr,TSizeUp,THesitat,TDriveRvL,TCrossov,TSpin,TStepBack,THalfSpin,TDblCross,TBhndBack,THesCross,TInAndOut,TDPSimpDr,TAttackB,TPassOut,TFadeaway,TStpbJmpr,TSpinJmpr,TDunkvLU,TAlleyOop,TUseGlass,TDrawFoul,TVShCrash,TPckRlvFd,TPostUp,TTouches,TPostSpn,TPostDrv,TPostAgBd,TLeavePost,TPostDrpSt,TPostFaceU,TPostBDown,TPostShots,TPostHook,TPostFdawy,TPostShmSh,TPostHopSh,TFlshPass,TThrowAO,THardFoul,TTakeChrg,TPassLane,TOnBalStl,TContShot,TCommFoul,HZ1,HZ2,HZ3,HZ4,HZ5,HZ6,HZ7,HZ8,HZ9,HZ10,HZ11,HZ12,HZ13,HZ14,AShtRlTim,AShtForm,AShtBase,AFadeaway,AContestd,AFreeT,ADrPullUp,ASpinJmpr,AHopJmpr,APstFade,APstHook,APstHopSh,APstShmSh,APstPrtct,APstPrtSpn,AIsoCross,AIsoBhBck,AIsoSpin,AIsoHesit,ALayUp,AGoToDunk,ADunk2,ADunk3,ADunk4,ADunk5,ADunk6,ADunk7,ADunk8,ADunk9,ADunk10,ADunk11,ADunk12,ADunk13,ADunk14,ADunk15,AIntPreGI,AIntPreG1,AIntPreG2,AIntPreT1,AIntPreT2,BirdYears,CClrYears,CDaysLeft,CRole,COption,CNoTrade,CYear1,CYear2,CYear3,CYear4,CYear5,CYear6,SgndTYWith,YrsForCurT,GHeadband,GHdbndLg,GUndrshrt,GUndrsCol,GLeftArm,GLArmCol,GLeftElb,GLElbCol,GLeftWrst,GLWrstC1,GLWrstC2,GLeftFngr,GLFngrCol,GRghtArm,GRArmCol,GRghtElb,GRElbCol,GRghtWrst,GRWrstC1,GRWrstC2,GRghtFngr,GRFngrCol,GPresShrt,GPrsShCol,GLeftLeg,GLLegCol,GLeftKnee,GLKneeCol,GLeftAnkl,GLAnklCol,GRghtLeg,GRLegCol,GRghtKnee,GRKneeCol,GRghtAnkl,GRAnklCol,GSockLngh,GShsBrLck,GShsBrand,GShsModel1,GShsModel2,GShsModel3,GShsModel4,GShsColMod,GShsColHSd,GShsColHTr,GShsColASd,GShsColATr,HParam1,HParam2,HdBrwHght,HdBrwWdth,HdBrwSlpd,HdNkThck,HdNkFat,HdChnLen,HdChnWdth,HdChnProt,HdJawSqr,HdJawWdth,HdChkHght,HdChkWdth,HdChkFull,HdDefinit,MtULCurve,MtULThick,MtULProtr,MtLLCurve,MtLLThick,MtLLProtr,MtSzHght,MtSzWdth,MtCrvCorn,ErHeight,ErWidth,ErEarLobe,ErTilt,NsNsHght,NsNsWdth,NsNsProtr,NsBnBridge,NsBnDefin,NsBnWdth,NsTipHght,NsTipWdth,NsTipTip,NsTipBnd,NsNtHght,NsNtWdth,EsFrmOpen,EsFrmSpac,EsFrmLwEl,EsFrmUpEl,EsPlcHght,EsPlcWdth,EsPlcRot,EsPlcProt,EsShpOtEl,EsShpInEl
,0,Wiggins,Andrew,0,0,0,0,1,1,1,0,49150,0,2,1,203.2,202.0,23,2,18,1,1,1,87,-1,2014,0,0,0,0,65,60,65,26,32,4503,0,0,0,0,0,2,0,1,1,0,-1,0,19,0,0,9,0,0,0,3,0,0,0,0,0,0,0,1,1,11,8,3,7,1,22,0,-1,-1,0,75,0,0,0,0,0,0,0,0,-1,-1,-1,-1,-1,-1,-1,-1,-1,-1,-1,-1,-1,-1,-1,-1,-1,-1,-1,-1,-1,0,0,0,0,0,0,0,0,0,0,0,0,0,0,0,0,0,0,0,0,0,0,0,0,0,0,0,0,0,-1,62,76,81,76,64,85,70,85,83,85,91,87,89,89,80,81,66,81,74,69,61,57,62,68,81,69,46,56,65,59,73,71,75,87,87,82,70,90,70,90,84,40,2,34,1,37,6,72,37,23,46,65,39,50,50,15,10,75,35,100,0,50,50,50,25,50,25,15,25,0,0,75,70,50,25,75,50,85,90,25,82,10,25,75,85,35,25,25,0,0,0,25,25,25,50,25,0,0,50,30,0,25,15,75,25,2,1,1,2,1,1,1,2,1,1,1,2,2,1,0,5,52,6,0,9,15,3,4,7,5,9,0,0,0,3,3,0,1,1,23,25,12,29,24,28,36,56,57,58,60,59,0,0,0,0,0,0,0,0,0,0,0,0,0,0,0,0,0,0,0,0,-1,0,0,4,0,1,2,3,0,3,5,3,2,0,3,0,3,0,3,0,3,2,0,3,1,3,0,3,0,3,0,3,0,3,0,3,0,3,8,0,2,379A61F5,A68493ED,2CA104E5,E3B09A6A,0,0,1,0,1,255,0,-2,-53,96,0,0,0,0,0,0,0,0,0,0,0,0,0,0,0,0,0,0,0,0,0,0,0,0,0,0,0,0,0,0,0,0,0,0,0,0,0,0,0,0,0,0,0,0,0,0
,1,Parker,Jabari,0,0,0,0,1,1,1,0,49151,0,3,2,203.2,245.0,15,3,18,1,1,1,11,-1,2014,0,0,0,0,25,50,75,26,31,4501,0,0,0,0,0,2,0,1,1,0,-1,0,7,1,0,7,0,0,1,1,0,0,8,46,0,47,0,0,1,24,3,5,1,7,12,0,-1,-1,0,75,0,0,0,0,0,0,0,0,-1,-1,-1,-1,-1,-1,-1,-1,-1,-1,-1,-1,-1,-1,-1,-1,-1,-1,-1,-1,-1,0,0,0,0,0,0,0,0,0,0,0,0,0,0,0,0,0,0,0,0,0,0,0,0,0,0,0,0,0,-1,81,74,81,76,76,82,82,84,86,75,89,82,76,78,75,80,71,79,63,58,65,58,58,46,86,59,64,75,77,65,72,64,75,87,78,66,77,79,76,62,80,45,3,10,9,0,0,65,66,40,20,59,25,55,0,50,50,0,15,55,10,35,75,30,50,0,30,0,0,70,0,55,65,35,15,45,30,75,25,25,75,45,55,50,71,0,20,10,0,0,0,25,85,50,54,5,0,5,35,55,38,33,14,52,45,1,1,1,1,1,1,1,2,2,1,1,1,1,1,0,27,91,6,0,15,10,3,11,5,0,9,0,0,0,2,3,4,2,3,18,16,8,6,12,9,7,13,2,0,0,0,0,0,0,0,0,0,0,0,0,0,0,0,0,0,0,0,0,0,0,0,-1,0,0,4,0,1,0,3,0,3,0,3,2,0,3,0,3,0,3,0,3,2,0,3,1,3,0,3,0,3,0,3,0,3,0,3,0,3,8,0,2,C9592268,E95E4FEB,45E1D8AE,7023109F,0,0,1,0,1,255,0,20,9,22,0,0,0,0,0,0,0,0,0,0,0,0,0,0,0,0,0,0,0,0,0,0,0,0,0,0,0,0,0,0,0,0,0,0,0,0,0,0,0,0,0,0,0,0,0,0
,2,Embiid,Joel,0,0,0,0,1,1,1,0,49152,0,4,5,213.36,250.0,16,3,19,1,1,1,87,-1,2014,0,0,0,3,65,75,90,26,32,4502,0,0,0,0,0,1,1,1,3,0,-1,0,35,0,0,0,0,0,0,4,0,0,0,0,0,0,0,0,1,30,4,3,7,1,21,0,-1,-1,0,75,0,0,0,0,0,0,0,0,-1,-1,-1,-1,-1,-1,-1,-1,-1,-1,-1,-1,-1,-1,-1,-1,-1,-1,-1,-1,-1,0,0,0,0,0,0,0,0,0,0,0,0,0,0,0,0,0,0,0,0,0,0,0,0,0,0,0,0,0,-1,93,71,76,60,72,72,85,74,88,86,86,82,84,91,68,74,72,60,58,54,52,48,84,46,76,54,90,82,80,76,64,60,65,80,60,52,80,70,78,80,96,90,7,9,10,33,27,80,62,35,57,61,69,55,25,15,30,50,15,81,57,22,55,50,25,25,15,25,25,0,0,85,72,38,52,81,67,75,80,50,99,0,40,95,93,50,50,50,0,75,25,75,95,95,85,50,35,5,25,55,0,15,15,95,30,1,1,1,1,1,1,2,1,1,1,1,2,1,1,1,102,66,8,1,85,0,0,0,6,8,2,1,1,1,0,0,2,1,6,1,2,9,10,0,0,0,0,0,0,0,0,0,0,0,0,0,0,0,0,0,0,0,0,0,0,0,0,0,0,0,0,-1,0,0,4,0,3,0,3,0,3,5,3,2,0,3,0,3,0,3,0,3,2,0,3,1,3,0,3,1,3,0,3,0,3,1,3,0,3,8,0,6,E2995E6D,4279D03D,1ED50F7D,ECB2AC40,0,0,1,0,1,255,0,-9,54,93,0,0,0,0,0,0,0,0,0,0,0,0,0,0,0,0,0,0,0,0,0,0,0,0,0,0,0,0,0,0,0,0,0,0,0,0,0,0,0,0,0,0,0,0,0,0
,3,Gordon,Aaron,0,0,0,0,1,1,1,0,49153,0,3,2,205.74,220.0,16,9,18,1,1,1,234,-1,2014,0,0,0,0,45,45,90,26,32,4514,0,0,0,0,0,5,0,1,1,0,-1,0,12,1,0,13,0,0,1,4,0,0,0,0,51,0,0,1,1,18,3,8,5,1,100,0,-1,-1,0,75,0,0,0,0,0,0,0,0,-1,-1,-1,-1,-1,-1,-1,-1,-1,-1,-1,-1,-1,-1,-1,-1,-1,-1,-1,-1,-1,0,0,0,0,0,0,0,0,0,0,0,0,0,0,0,0,0,0,0,0,0,0,0,0,0,0,0,0,0,-1,70,70,74,71,70,93,86,76,85,81,84,76,81,80,69,67,63,66,64,59,51,53,69,54,85,62,72,77,63,63,60,58,55,81,76,70,62,95,72,87,84,40,2,1,20,0,0,77,48,24,42,63,52,63,47,25,15,75,25,100,25,25,55,25,15,15,15,0,15,0,0,85,80,20,10,25,5,95,95,45,84,10,75,75,82,25,50,10,0,0,10,50,50,10,50,10,25,0,40,65,0,50,25,80,20,2,1,1,2,1,1,1,2,1,1,2,1,2,1,0,2,2,17,1,5,28,15,18,2,3,7,1,0,1,3,2,4,2,1,23,24,25,26,27,28,29,39,43,60,54,56,49,58,59,0,0,0,0,0,0,0,0,0,0,0,0,0,0,0,0,0,-1,0,1,4,0,1,2,3,0,3,8,3,2,0,3,0,3,0,3,0,3,2,0,3,1,3,0,3,0,3,0,3,0,3,0,3,0,3,8,0,1,8AFFD734,76BA367E,BAAAC531,29209FFC,0,0,1,0,1,255,0,10,-54,33,0,0,0,0,0,0,0,0,0,0,0,0,0,0,0,0,0,0,0,0,0,0,0,0,0,0,0,0,0,0,0,0,0,0,0,0,0,0,0,0,0,0,0,0,0,0
,4,Exum,Dante,0,0,0,0,1,1,1,0,49154,0,0,1,198.12,190.0,13,7,18,1,1,1,331,-1,2014,0,0,0,1,25,50,50,25,28,4507,0,0,0,0,0,4,0,1,1,0,-1,0,17,0,0,0,0,0,0,1,19,0,0,57,0,31,0,1,1,5,2,3,6,1,11,0,-1,-1,0,75,0,0,0,0,0,0,0,0,-1,-1,-1,-1,-1,-1,-1,-1,-1,-1,-1,-1,-1,-1,-1,-1,-1,-1,-1,-1,-1,0,0,0,0,0,0,0,0,0,0,0,0,0,0,0,0,0,0,0,0,0,0,0,0,0,0,0,0,0,-1,49,71,74,73,73,60,30,84,77,83,82,78,88,88,66,62,59,65,87,82,79,82,59,67,81,71,41,52,49,46,69,68,70,90,89,84,53,73,74,55,76,70,15,12,0,0,0,40,30,15,5,39,25,50,5,10,25,30,35,100,0,0,50,50,0,50,0,25,50,75,50,75,50,75,0,0,0,35,20,20,70,15,25,0,71,0,0,0,100,0,0,0,0,0,0,0,0,0,20,40,0,50,50,40,20,1,1,2,1,1,1,1,1,1,1,1,1,1,1,0,5,37,14,0,111,15,4,8,4,5,9,0,0,0,5,2,5,0,13,7,35,4,6,23,0,0,0,0,0,0,0,0,0,0,0,0,0,0,0,0,0,0,0,0,0,0,0,0,0,0,0,-1,0,0,4,0,1,0,3,0,3,0,3,2,0,3,0,3,0,3,0,3,2,0,3,1,3,0,3,1,3,0,3,0,3,1,3,0,3,8,0,2,CB572268,E95E4FEB,45E1D8AE,7023FF9F,0,0,1,0,1,255,0,15,34,67,0,0,0,0,0,0,0,0,0,0,0,0,0,0,0,0,0,0,0,0,0,0,0,0,0,0,0,0,0,0,0,0,0,0,0,0,0,0,0,0,0,0,0,0,0,0
,5,Smart,Marcus,0,0,0,0,1,1,1,0,49155,0,1,2,193.04,220.0,6,3,19,1,1,1,92,-1,2014,0,0,0,2,50,50,75,25,31,4504,0,0,0,0,0,2,0,1,3,0,-1,0,5,0,0,13,0,0,0,3,0,0,0,0,0,0,0,1,1,7,3,6,2,0,36,0,-1,-1,0,75,0,0,0,0,0,0,0,0,-1,-1,-1,-1,-1,-1,-1,-1,-1,-1,-1,-1,-1,-1,-1,-1,-1,-1,-1,-1,-1,0,0,0,0,0,0,0,0,0,0,0,0,0,0,0,0,0,0,0,0,0,0,0,0,0,0,0,0,0,-1,61,68,70,68,73,51,29,79,78,77,87,74,75,85,72,45,45,62,76,71,63,68,53,67,69,73,48,51,52,58,63,69,50,87,92,87,64,75,89,77,80,90,3,23,24,31,32,58,38,33,28,61,30,57,43,5,5,5,85,100,0,0,50,50,15,50,5,25,50,25,15,75,70,50,10,70,20,15,10,40,79,10,0,75,54,50,50,75,0,0,0,50,25,50,25,25,0,0,60,70,80,85,85,85,40,1,1,1,1,1,1,1,1,1,1,1,1,2,2,0,34,91,8,0,20,11,2,6,0,0,9,0,0,0,2,4,0,2,9,7,22,12,37,39,23,14,0,0,0,0,0,0,0,0,0,0,0,0,0,0,0,0,0,0,0,0,0,0,0,0,0,-1,0,0,4,0,1,2,3,0,3,0,3,2,0,3,0,3,0,3,0,3,2,0,3,1,3,0,3,1,3,0,3,0,3,1,3,0,3,8,0,2,3DBB741E,A76B3C9F,DB30BCB2,3FA0CC85,0,0,1,0,1,255,0,18,-37,43,0,0,0,0,0,0,0,0,0,0,0,0,0,0,0,0,0,0,0,0,0,0,0,0,0,0,0,0,0,0,0,0,0,0,0,0,0,0,0,0,0,0,0,0,0,0
,6,Randle,Julius,0,0,0,0,1,1,1,0,49156,0,3,4,205.74,250.0,29,11,19,0,0,1,257,-1,2014,0,0,0,3,60,60,60,25,32,4505,0,0,0,0,0,1,1,1,1,0,-1,0,12,0,0,0,0,0,0,3,0,17,0,0,0,0,0,0,0,24,4,3,5,1,30,0,-1,-1,0,75,0,0,0,0,0,0,0,0,-1,-1,-1,-1,-1,-1,-1,-1,-1,-1,-1,-1,-1,-1,-1,-1,-1,-1,-1,-1,-1,0,0,0,0,0,0,0,0,0,0,0,0,0,0,0,0,0,0,0,0,0,0,0,0,0,0,0,0,0,-1,79,71,74,64,65,70,80,66,82,69,59,62,73,64,70,67,77,62,56,51,52,47,73,47,77,57,86,82,71,68,60,50,60,85,62,56,78,72,77,83,82,40,20,0,0,0,0,70,65,35,25,43,75,50,15,25,15,50,20,100,0,0,45,25,15,15,15,0,15,0,0,85,80,20,25,25,50,75,75,75,99,0,75,90,86,25,25,25,0,0,0,0,50,75,25,25,50,0,25,30,0,15,15,55,71,2,2,2,1,1,1,1,2,1,1,1,1,1,1,1,126,46,13,1,74,19,14,7,0,12,5,1,0,1,3,0,0,0,2,16,9,2,8,1,0,0,0,0,0,0,0,0,0,0,0,0,0,0,0,0,0,0,0,0,0,0,0,0,0,0,0,-1,0,0,4,0,1,0,3,0,3,0,3,2,0,3,2,3,0,3,0,3,2,0,3,1,3,0,3,1,3,0,3,0,3,1,3,0,3,8,0,1,6D8BE23F,914EFFF5,5FA0609C,BA078AAB,0,0,1,0,1,255,0,-64,-67,0,0,0,0,0,0,0,0,0,0,0,0,0,0,0,0,0,0,0,0,0,0,0,0,0,0,0,0,0,0,0,0,0,0,0,0,0,0,0,0,0,0,0,0,0,0,0
,7,Stauskas,Nik,0,0,0,0,1,1,1,0,49157,0,1,2,198.12,205.0,7,10,20,1,1,1,76,-1,2014,0,0,0,1,25,25,50,24,25,4629,0,0,0,0,0,5,0,2,1,0,-1,0,5,0,0,0,0,0,0,3,0,0,18,12,0,0,0,0,1,6,8,7,3,0,1,0,-1,-1,0,75,0,0,0,0,0,0,0,0,-1,-1,-1,-1,-1,-1,-1,-1,-1,-1,-1,-1,-1,-1,-1,-1,-1,-1,-1,-1,-1,0,0,0,0,0,0,0,0,0,0,0,0,0,0,0,0,0,0,0,0,0,0,0,0,0,0,0,0,0,-1,45,74,76,79,75,58,25,76,65,62,63,74,74,67,66,49,39,78,84,80,72,68,37,58,78,58,31,45,42,38,66,52,70,82,84,76,46,72,62,80,72,25,5,7,12,0,0,62,24,18,29,57,15,32,68,5,25,50,30,100,0,0,51,50,0,90,0,5,50,25,15,75,38,52,0,100,0,24,34,14,68,20,0,0,56,0,0,0,100,0,0,0,0,0,0,0,0,0,25,35,0,50,50,25,20,1,1,1,1,1,1,1,1,1,2,1,1,1,2,1,26,29,6,0,25,5,4,7,2,0,9,0,0,0,2,2,3,0,0,4,7,23,0,0,0,0,0,0,0,0,0,0,0,0,0,0,0,0,0,0,0,0,0,0,0,0,0,0,0,0,0,-1,0,0,4,0,1,0,3,0,3,0,3,2,0,3,0,3,0,3,0,3,2,0,3,1,3,0,3,1,3,0,3,0,3,1,3,0,3,8,0,1,1D4535B0,22A96423,8A0705AB,4EC747DC,0,0,1,0,1,255,0,-22,71,11,0,0,0,0,0,0,0,0,0,0,0,0,0,0,0,0,0,0,0,0,0,0,0,0,0,0,0,0,0,0,0,0,0,0,0,0,0,0,0,0,0,0,0,0,0,0
,8,Vonleh,Noah,0,0,0,0,1,1,1,0,49158,0,3,4,205.74,250.0,24,8,18,1,1,1,74,-1,2014,0,0,0,1,25,50,50,25,28,4509,0,0,0,0,0,1,0,1,1,0,-1,0,6,3,0,0,7,0,3,1,35,0,0,0,0,0,0,0,0,24,3,4,6,0,32,0,-1,-1,0,75,0,0,0,0,0,0,0,0,-1,-1,-1,-1,-1,-1,-1,-1,-1,-1,-1,-1,-1,-1,-1,-1,-1,-1,-1,-1,-1,0,0,0,0,0,0,0,0,0,0,0,0,0,0,0,0,0,0,0,0,0,0,0,0,0,0,0,0,0,-1,66,61,68,64,58,70,80,66,78,58,56,50,52,53,72,57,68,54,46,41,49,41,67,48,68,60,84,78,63,71,63,58,50,80,63,59,67,70,78,77,76,55,33,0,0,0,0,46,56,23,18,47,61,50,20,10,25,0,0,100,0,0,55,0,0,0,0,0,0,0,0,99,60,40,0,0,0,88,35,30,67,0,75,90,64,25,50,25,0,0,0,0,25,25,25,25,25,0,0,30,0,25,15,80,60,2,1,1,2,1,1,1,1,1,1,1,1,1,1,0,97,29,17,1,74,15,15,18,5,5,5,1,0,1,2,0,0,1,2,16,9,2,10,1,0,0,0,0,0,0,0,0,0,0,0,0,0,0,0,0,0,0,0,0,0,0,0,0,0,0,0,-1,0,0,4,0,1,0,3,0,3,10,3,2,0,3,1,3,0,3,0,3,2,0,3,1,3,0,3,0,3,0,3,0,3,0,3,0,3,8,0,3,8FF89488,A6ED4315,6ACD70DF,DA793DB7,0,0,1,0,1,255,0,-41,-25,20,0,0,0,0,0,0,0,0,0,0,0,0,0,0,0,0,0,0,0,0,0,0,0,0,0,0,0,0,0,0,0,0,0,0,0,0,0,0,0,0,0,0,0,0,0,0
,9,Payton,Elfrid,0,0,0,0,1,1,1,0,49159,0,0,1,193.04,185.0,22,2,19,1,1,1,301,-1,2014,0,0,0,2,25,25,75,25,29,4525,0,0,0,0,0,2,0,1,0,0,-1,0,10,0,0,0,0,0,0,1,0,26,0,22,0,0,0,1,1,0,2,6,7,0,4,0,-1,-1,0,75,0,0,0,0,0,0,0,0,-1,-1,-1,-1,-1,-1,-1,-1,-1,-1,-1,-1,-1,-1,-1,-1,-1,-1,-1,-1,-1,0,0,0,0,0,0,0,0,0,0,0,0,0,0,0,0,0,0,0,0,0,0,0,0,0,0,0,0,0,-1,47,75,72,64,64,53,25,83,80,84,85,87,83,83,65,50,45,60,91,86,81,84,45,66,83,54,54,77,42,37,72,61,55,95,92,90,40,78,89,85,76,70,11,12,17,23,15,41,33,38,26,41,33,70,25,5,5,5,85,100,0,0,55,90,0,50,0,50,50,75,50,50,57,93,0,0,0,15,25,25,71,15,25,0,79,0,0,0,100,0,0,0,0,0,0,0,0,5,100,60,25,50,50,50,35,1,1,2,1,1,1,1,1,1,1,1,1,1,1,0,80,131,14,0,60,13,7,19,0,0,9,0,0,0,1,1,3,2,1,7,35,4,22,0,0,0,0,0,0,0,0,0,0,0,0,0,0,0,0,0,0,0,0,0,0,0,0,0,0,0,0,-1,0,0,4,0,1,0,3,0,3,0,3,2,0,3,2,3,0,3,0,3,2,0,3,1,3,0,3,1,3,0,3,0,3,1,3,0,3,8,0,1,6D8BE23F,914EFFF5,5FA0609C,BA078AAB,0,0,1,0,1,255,0,-75,-95,81,0,0,0,0,0,0,0,0,0,0,0,0,0,0,0,0,0,0,0,0,0,0,0,0,0,0,0,0,0,0,0,0,0,0,0,0,0,0,0,0,0,0,0,0,0,0
,10,McDermott,Doug,0,0,0,0,1,1,1,0,49160,0,2,1,203.2,225.0,3,1,21,1,1,1,195,-1,2014,0,0,0,1,25,25,75,25,29,4515,0,0,0,0,0,5,0,1,1,0,-1,0,12,0,0,0,0,0,0,1,0,0,0,0,0,0,0,0,1,14,8,3,6,0,20,0,-1,-1,0,75,0,0,0,0,0,0,0,0,-1,-1,-1,-1,-1,-1,-1,-1,-1,-1,-1,-1,-1,-1,-1,-1,-1,-1,-1,-1,-1,0,0,0,0,0,0,0,0,0,0,0,0,0,0,0,0,0,0,0,0,0,0,0,0,0,0,0,0,0,-1,61,68,75,80,81,72,43,75,80,84,82,85,77,74,69,75,65,79,63,58,53,51,55,46,80,63,41,46,61,66,69,64,70,80,73,71,56,76,61,77,75,35,5,7,26,8,0,60,30,20,45,57,25,25,45,15,10,40,35,100,0,25,56,35,0,90,0,35,25,0,0,75,30,70,15,15,0,25,25,20,67,15,15,5,65,25,25,25,0,0,0,0,0,0,0,0,0,0,0,40,0,25,15,45,20,1,1,1,1,1,1,1,1,1,2,1,1,2,1,1,27,20,17,0,111,26,11,17,15,0,5,0,0,3,3,0,2,1,1,12,16,14,6,47,0,0,0,0,0,0,0,0,0,0,0,0,0,0,0,0,0,0,0,0,0,0,0,0,0,0,0,-1,0,0,4,0,1,0,3,0,3,0,3,2,0,3,0,3,0,3,0,3,2,0,3,1,3,0,3,1,3,0,3,0,3,1,3,0,3,8,0,1,1D4535B0,22A96423,8A0705AB,4EC747DC,0,0,1,0,1,255,0,-71,-77,79,0,0,0,0,0,0,0,0,0,0,0,0,0,0,0,0,0,0,0,0,0,0,0,0,0,0,0,0,0,0,0,0,0,0,0,0,0,0,0,0,0,0,0,0,0,0
,11,Saric,Dario,0,0,0,0,1,1,1,0,49161,0,3,2,208.28,223.0,8,4,21,1,1,1,341,-1,2014,0,0,0,2,25,50,75,25,28,4520,0,0,0,0,0,5,0,1,1,0,-1,0,26,1,0,8,0,0,1,1,0,0,0,0,0,0,0,0,1,24,8,3,5,6,36,0,-1,-1,0,75,0,0,0,0,0,0,0,0,-1,-1,-1,-1,-1,-1,-1,-1,-1,-1,-1,-1,-1,-1,-1,-1,-1,-1,-1,-1,-1,0,0,0,0,0,0,0,0,0,0,0,0,0,0,0,0,0,0,0,0,0,0,0,0,0,0,0,0,0,-1,76,70,72,73,82,52,46,72,78,76,81,76,81,79,62,68,69,62,66,61,62,66,48,58,76,59,59,67,67,66,71,61,70,85,67,62,71,63,72,87,77,75,3,6,15,10,8,61,39,24,37,63,25,44,56,25,25,50,50,100,25,0,55,50,25,25,15,15,25,0,0,85,62,48,25,50,25,15,25,45,81,0,35,75,67,25,25,25,25,15,25,50,50,50,25,25,50,5,50,31,0,50,50,50,35,1,1,1,2,0,1,1,1,1,1,1,1,2,1,0,5,40,6,0,29,26,3,8,5,0,5,1,0,0,2,0,0,0,1,7,4,5,15,14,1,0,0,0,0,0,0,0,0,0,0,0,0,0,0,0,0,0,0,0,0,0,0,0,0,0,0,-1,0,0,4,0,1,0,3,0,3,0,3,2,0,3,0,3,0,3,0,3,2,0,3,1,3,0,3,1,3,0,3,0,3,1,3,0,3,8,0,1,0488B123,4616413B,55F83FD5,6C06C014,0,0,1,0,1,255,0,-5,-28,100,0,0,0,0,0,0,0,0,0,0,0,0,0,0,0,0,0,0,0,0,0,0,0,0,0,0,0,0,0,0,0,0,0,0,0,0,0,0,0,0,0,0,0,0,0,0
,12,LaVine,Zach,0,0,0,0,1,1,1,0,49162,0,1,2,195.58,200.0,10,3,18,1,1,1,240,-1,2014,0,0,0,1,50,50,75,26,33,4506,0,0,0,0,0,5,0,1,1,0,-1,0,16,0,0,0,0,0,0,3,0,0,0,0,0,0,0,1,1,6,2,8,1,3,8,0,-1,-1,0,75,0,0,0,0,0,0,0,0,-1,-1,-1,-1,-1,-1,-1,-1,-1,-1,-1,-1,-1,-1,-1,-1,-1,-1,-1,-1,-1,0,0,0,0,0,0,0,0,0,0,0,0,0,0,0,0,0,0,0,0,0,0,0,0,0,0,0,0,0,-1,52,69,77,74,75,92,70,86,81,94,95,91,98,92,77,59,49,78,84,79,74,62,55,72,85,65,31,52,47,44,62,58,60,82,88,86,44,97,70,80,85,45,2,1,3,6,7,90,60,35,30,67,5,70,10,5,55,30,35,70,15,45,75,25,5,45,5,5,5,5,0,60,45,25,45,30,25,80,10,5,82,25,0,5,80,0,0,0,5,0,0,0,10,6,22,0,20,30,20,35,0,50,36,67,60,2,2,2,1,1,1,2,1,1,1,2,2,1,1,1,108,48,1,0,2,15,3,2,3,0,9,0,0,0,2,5,6,3,1,23,25,22,29,24,27,54,56,57,58,60,59,0,0,0,0,0,0,0,0,0,0,0,0,0,0,0,0,0,0,0,0,-1,0,0,4,2,1,0,3,0,3,0,3,2,0,3,0,3,0,3,0,3,2,0,3,1,3,0,3,1,3,0,3,0,3,1,3,0,3,8,0,2,CB572268,E95E4FEB,45E1D8AE,7023F09F,0,0,1,0,1,255,0,12,-41,13,0,0,0,0,0,0,0,0,0,0,0,0,0,0,0,0,0,0,0,0,0,0,0,0,0,0,0,0,0,0,0,0,0,0,0,0,0,0,0,0,0,0,0,0,0,0
,13,Warren,T.J.,0,0,0,0,1,1,1,0,49163,0,3,2,203.2,215.0,5,9,20,1,1,1,16,-1,2014,0,0,0,2,25,50,75,26,30,4614,0,0,0,0,0,2,0,1,1,0,-1,0,3,3,0,0,0,0,3,3,0,0,0,0,0,0,0,0,1,24,8,3,5,7,12,0,-1,-1,0,75,0,0,0,0,0,0,0,0,-1,-1,-1,-1,-1,-1,-1,-1,-1,-1,-1,-1,-1,-1,-1,-1,-1,-1,-1,-1,-1,0,0,0,0,0,0,0,0,0,0,0,0,0,0,0,0,0,0,0,0,0,0,0,0,0,0,0,0,0,-1,69,68,76,72,71,60,50,76,74,75,80,86,88,86,68,70,64,72,70,66,62,58,63,61,80,69,43,54,62,66,68,62,70,85,77,72,76,70,72,77,78,40,3,20,0,0,0,68,47,22,52,63,36,50,25,10,15,50,25,100,0,0,54,25,0,90,0,0,50,0,0,85,70,20,0,0,0,30,15,50,85,10,55,50,73,0,75,25,0,0,0,0,0,0,0,0,0,0,5,58,0,25,15,40,35,1,1,1,2,1,1,1,2,1,1,1,1,2,1,0,26,25,6,0,89,20,10,7,0,0,9,0,0,2,4,0,0,1,1,4,32,8,0,0,0,0,0,0,0,0,0,0,0,0,0,0,0,0,0,0,0,0,0,0,0,0,0,0,0,0,0,-1,0,0,4,0,1,0,3,0,3,0,3,2,0,3,0,3,0,3,5,3,2,0,3,1,3,0,3,0,3,0,3,0,3,0,3,0,3,8,0,1,1D4535B0,22A96423,8A0705AB,4EC747DC,0,0,1,0,1,255,0,43,16,93,0,0,0,0,0,0,0,0,0,0,0,0,0,0,0,0,0,0,0,0,0,0,0,0,0,0,0,0,0,0,0,0,0,0,0,0,0,0,0,0,0,0,0,0,0,0
,14,Payne,Adreian,0,0,0,0,1,1,1,0,49164,0,3,4,208.28,237.0,19,2,22,1,1,1,77,-1,2014,0,0,0,1,0,0,50,22,23,4523,0,0,0,0,0,3,0,1,1,0,-1,0,4,0,0,0,0,19,0,2,0,6,0,0,50,59,0,0,0,20,3,0,0,0,33,0,-1,-1,0,75,0,0,0,0,0,0,0,0,-1,-1,-1,-1,-1,-1,-1,-1,-1,-1,-1,-1,-1,-1,-1,-1,-1,-1,-1,-1,-1,0,0,0,0,0,0,0,0,0,0,0,0,0,0,0,0,0,0,0,0,0,0,0,0,0,0,0,0,0,-1,55,66,66,61,68,60,60,54,74,56,56,61,57,54,67,63,57,30,30,25,30,35,70,35,64,49,76,67,64,66,52,54,50,76,58,52,76,74,60,50,66,55,0,0,0,0,0,35,50,10,5,25,50,25,4,10,25,0,0,0,0,0,55,0,0,0,0,0,0,0,0,100,60,40,0,0,0,40,25,25,60,0,25,30,20,25,75,0,0,0,0,0,0,0,0,0,0,0,0,33,0,0,0,75,50,1,1,1,1,1,1,1,1,1,1,1,1,1,1,0,26,62,17,1,0,25,13,18,8,3,5,1,1,1,0,0,2,0,2,10,2,21,20,0,0,0,0,0,0,0,0,0,0,0,0,0,0,0,0,0,0,0,0,0,0,0,0,0,0,0,0,-1,0,1,4,0,1,1,3,0,3,0,3,2,0,3,0,3,0,3,0,3,2,0,3,1,3,0,3,1,3,0,3,0,3,1,3,0,3,8,0,1,6BDA0302,F548A4DC,8B9AF4F6,4B9DC4F5,0,0,1,0,1,255,0,61,-23,130,0,0,0,0,0,0,0,0,0,0,0,0,0,0,0,0,0,0,0,0,0,0,0,0,0,0,0,0,0,0,0,0,0,0,0,0,0,0,0,0,0,0,0,0,0,0
,15,Nurkic,Jusuf,0,0,0,0,1,1,1,0,49165,0,4,5,213.36,280.0,23,8,19,1,2,1,578,-1,2014,0,0,0,1,25,25,75,26,30,4642,0,0,0,0,0,5,0,4,1,0,-1,0,10,0,0,0,0,0,0,3,0,0,18,0,0,0,0,0,0,30,4,3,7,0,27,0,-1,-1,0,75,0,0,0,0,0,0,0,0,-1,-1,-1,-1,-1,-1,-1,-1,-1,-1,-1,-1,-1,-1,-1,-1,-1,-1,-1,-1,-1,0,0,0,0,0,0,0,0,0,0,0,0,0,0,0,0,0,0,0,0,0,0,0,0,0,0,0,0,0,-1,86,75,67,59,59,56,78,58,78,41,40,43,38,42,68,62,75,52,41,36,46,50,71,46,80,60,82,76,76,68,54,54,65,87,61,55,76,66,68,72,80,50,33,20,10,0,0,51,68,46,23,3,43,20,5,15,50,30,0,100,0,0,57,0,0,0,0,0,0,0,0,99,88,42,0,0,0,40,25,60,96,0,85,100,75,0,25,75,0,0,40,20,85,95,50,25,0,0,0,30,0,25,15,85,67,2,2,1,2,1,1,1,1,1,1,1,1,1,1,1,16,65,13,1,13,0,0,0,8,11,2,1,1,1,0,0,2,1,2,1,10,0,0,0,0,0,0,0,0,0,0,0,0,0,0,0,0,0,0,0,0,0,0,0,0,0,0,0,0,0,0,-1,0,0,4,0,1,2,3,0,3,0,3,2,0,3,0,3,0,3,9,3,2,0,3,1,3,0,3,1,3,0,3,0,3,1,3,0,3,8,0,0,F356417A,FD4F4848,DFB13516,DF0B1C30,0,0,1,0,1,255,0,-73,-39,21,0,0,0,0,0,0,0,0,0,0,0,0,0,0,0,0,0,0,0,0,0,0,0,0,0,0,0,0,0,0,0,0,0,0,0,0,0,0,0,0,0,0,0,0,0,0
,16,Young,James,0,0,0,0,1,1,1,0,49166,0,1,2,198.12,215.0,16,8,18,0,0,1,257,-1,2014,0,0,0,1,0,0,50,24,25,4512,0,0,0,0,0,3,0,1,1,0,-1,0,1,0,0,0,0,0,0,1,34,0,0,0,0,6,0,0,1,9,8,0,0,0,6,0,-1,-1,0,75,0,0,0,0,0,0,0,0,-1,-1,-1,-1,-1,-1,-1,-1,-1,-1,-1,-1,-1,-1,-1,-1,-1,-1,-1,-1,-1,0,0,0,0,0,0,0,0,0,0,0,0,0,0,0,0,0,0,0,0,0,0,0,0,0,0,0,0,0,-1,25,65,71,74,60,50,30,70,72,76,66,63,68,71,63,56,40,76,76,72,64,56,40,56,73,54,37,47,41,40,56,54,55,80,86,82,45,76,62,70,66,85,0,0,0,0,0,61,28,14,38,45,18,25,20,5,10,25,60,100,0,0,42,50,15,50,5,25,50,0,0,75,30,70,0,100,0,40,20,40,50,15,0,0,10,0,0,0,0,0,0,0,0,0,0,0,0,0,15,18,0,0,0,50,40,1,1,1,1,1,1,1,1,1,1,1,1,1,1,0,71,21,5,0,67,6,4,7,5,9,9,0,0,0,4,0,3,1,0,28,8,18,23,4,6,12,13,29,39,0,0,0,0,0,0,0,0,0,0,0,0,0,0,0,0,0,0,0,0,0,0,-1,0,0,4,0,2,0,3,0,3,0,3,2,0,3,0,3,0,3,0,3,2,0,3,1,3,0,3,1,3,0,3,0,3,1,3,0,3,8,0,7,0F5E6761,6C8BBAAA,F6D31AB7,1FB2C02E,0,0,1,0,1,255,0,-15,116,118,0,0,0,0,0,0,0,0,0,0,0,0,0,0,0,0,0,0,0,0,0,0,0,0,0,0,0,0,0,0,0,0,0,0,0,0,0,0,0,0,0,0,0,0,0,0
,17,Ennis,Tyler,0,0,0,0,1,1,1,0,49167,0,0,1,190.5,194.0,24,8,19,1,1,1,52,-1,2014,0,0,0,1,25,25,50,24,27,4516,0,0,0,0,0,4,0,1,0,0,-1,0,1,0,0,0,0,0,0,2,0,0,0,30,0,59,0,0,1,1,2,0,0,0,10,0,-1,-1,0,75,0,0,0,0,0,0,0,0,-1,-1,-1,-1,-1,-1,-1,-1,-1,-1,-1,-1,-1,-1,-1,-1,-1,-1,-1,-1,-1,0,0,0,0,0,0,0,0,0,0,0,0,0,0,0,0,0,0,0,0,0,0,0,0,0,0,0,0,0,-1,25,72,76,72,70,40,25,82,77,84,79,84,81,80,68,42,30,74,88,84,76,71,28,63,80,48,25,37,25,25,60,54,60,85,90,86,41,68,52,82,68,40,0,0,0,0,0,65,28,25,44,46,3,50,28,15,15,10,55,100,0,0,55,50,0,50,0,25,50,75,50,75,30,85,0,0,0,0,0,0,50,20,25,0,20,0,0,0,0,0,0,0,0,0,0,0,0,0,100,35,0,0,0,30,35,1,1,1,1,1,1,1,1,1,1,2,1,1,1,0,71,21,5,0,31,7,6,4,0,0,9,0,0,0,3,0,5,0,0,1,0,0,0,0,0,0,0,0,0,0,0,0,0,0,0,0,0,0,0,0,0,0,0,0,0,0,0,0,0,0,0,-1,0,0,4,0,1,0,3,0,3,0,3,2,0,3,0,3,0,3,0,3,2,0,3,1,3,0,3,1,3,0,3,0,3,1,3,0,3,8,0,1,1D4535B0,22A96423,8A0705AB,4EC747DC,0,0,1,0,1,255,0,13,88,49,0,0,0,0,0,0,0,0,0,0,0,0,0,0,0,0,0,0,0,0,0,0,0,0,0,0,0,0,0,0,0,0,0,0,0,0,0,0,0,0,0,0,0,0,0,0
,18,Harris,Gary,0,0,0,0,1,1,1,0,49168,0,1,2,193.04,210.0,14,9,19,1,1,1,77,-1,2014,0,0,0,1,25,50,75,25,30,4511,0,0,0,0,0,3,0,1,1,0,-1,0,8,0,0,0,0,0,0,2,0,0,0,0,0,0,0,1,1,6,1,3,8,6,14,0,-1,-1,0,75,0,0,0,0,0,0,0,0,-1,-1,-1,-1,-1,-1,-1,-1,-1,-1,-1,-1,-1,-1,-1,-1,-1,-1,-1,-1,-1,0,0,0,0,0,0,0,0,0,0,0,0,0,0,0,0,0,0,0,0,0,0,0,0,0,0,0,0,0,-1,35,74,74,66,78,63,40,84,77,75,75,72,83,76,72,62,47,68,86,84,71,67,40,62,85,63,34,43,35,42,68,62,70,87,90,86,47,77,72,76,81,25,23,6,0,0,0,69,44,37,44,67,31,74,26,5,5,50,30,100,0,25,52,25,0,0,0,0,0,0,0,95,73,37,50,80,25,35,85,25,88,25,65,0,72,0,0,0,100,0,0,0,0,0,0,0,0,0,50,25,0,50,25,50,20,1,1,1,1,1,2,1,1,1,1,2,2,1,1,0,116,30,5,0,23,15,4,19,0,0,9,0,0,0,3,0,5,1,0,7,12,4,35,8,6,0,0,0,0,0,0,0,0,0,0,0,0,0,0,0,0,0,0,0,0,0,0,0,0,0,0,-1,0,0,4,0,3,2,3,0,3,8,3,2,0,3,2,3,0,3,0,3,2,0,3,1,3,0,3,0,3,0,3,0,3,0,3,0,3,8,0,1,E538450D,EBAEC55F,0748EF76,432C7244,0,0,1,0,1,255,0,-24,-17,23,0,0,0,0,0,0,0,0,0,0,0,0,0,0,0,0,0,0,0,0,0,0,0,0,0,0,0,0,0,0,0,0,0,0,0,0,0,0,0,0,0,0,0,0,0,0
,19,Caboclo,Bruno,0,0,0,0,1,1,1,0,49169,0,2,3,205.74,205.0,21,9,18,1,1,1,334,-1,2014,0,0,0,1,5,15,75,26,29,8720,0,0,0,0,0,3,0,1,1,0,-1,0,2,3,0,0,0,0,3,3,0,0,0,0,0,0,0,0,1,19,3,6,0,0,5,0,-1,-1,0,75,0,0,0,0,0,0,0,0,-1,-1,-1,-1,-1,-1,-1,-1,-1,-1,-1,-1,-1,-1,-1,-1,-1,-1,-1,-1,-1,0,0,0,0,0,0,0,0,0,0,0,0,0,0,0,0,0,0,0,0,0,0,0,0,0,0,0,0,0,-1,45,68,66,64,83,70,70,60,72,63,67,56,66,55,63,67,63,63,55,50,53,41,83,54,76,68,72,64,51,62,53,58,50,87,66,61,57,82,68,77,75,65,28,27,0,0,0,40,40,5,20,35,25,25,20,5,10,5,80,100,0,0,57,35,15,25,5,15,25,0,0,75,30,70,0,0,0,60,60,40,45,10,1,5,56,0,0,0,0,0,0,0,0,0,0,0,0,0,0,60,0,0,0,80,65,1,1,1,1,1,1,1,1,1,1,1,1,1,1,0,39,41,5,0,20,15,13,4,6,3,2,0,1,0,0,1,1,1,1,14,12,13,3,7,17,18,23,28,37,0,0,0,0,0,0,0,0,0,0,0,0,0,0,0,0,0,0,0,0,0,0,-1,0,0,4,0,1,0,3,0,3,0,3,2,0,3,0,3,0,3,0,3,2,0,3,1,3,0,3,1,3,0,3,0,3,1,3,0,3,8,0,1,6D8BE23F,914EFFF5,5FA0609C,BA078AAB,0,0,1,0,1,255,0,36,67,41,0,0,0,0,0,0,0,0,0,0,0,0,0,0,0,0,0,0,0,0,0,0,0,0,0,0,0,0,0,0,0,0,0,0,0,0,0,0,0,0,0,0,0,0,0,0
,20,McGary,Mitch,0,0,0,0,1,1,1,0,49170,0,3,4,208.28,255.0,6,6,21,0,0,1,76,-1,2014,0,0,0,1,0,0,50,22,23,4534,0,0,0,0,0,5,0,1,1,0,-1,0,12,0,0,0,0,0,0,3,0,0,0,0,26,0,0,0,0,29,3,0,0,0,33,0,-1,-1,0,75,0,0,0,0,0,0,0,0,-1,-1,-1,-1,-1,-1,-1,-1,-1,-1,-1,-1,-1,-1,-1,-1,-1,-1,-1,-1,-1,0,0,0,0,0,0,0,0,0,0,0,0,0,0,0,0,0,0,0,0,0,0,0,0,0,0,0,0,0,-1,70,67,64,25,65,60,70,51,76,58,52,54,58,53,47,52,65,43,40,31,29,29,57,39,64,34,82,73,60,65,48,42,40,75,48,42,68,55,70,70,62,35,0,0,0,0,0,45,45,45,40,0,45,25,0,10,0,100,25,0,0,0,45,0,0,0,0,0,0,0,0,100,70,30,0,0,0,55,25,40,50,5,20,0,45,15,15,35,0,25,0,55,40,30,0,0,0,0,0,45,0,0,0,65,70,1,1,1,1,1,1,1,1,1,1,1,1,1,1,0,9,52,5,1,25,29,1,0,8,10,4,1,1,1,3,0,2,1,2,14,2,9,5,0,0,0,0,0,0,0,0,0,0,0,0,0,0,0,0,0,0,0,0,0,0,0,0,0,0,0,0,-1,0,0,4,0,1,0,3,0,3,0,3,2,0,3,0,3,0,3,0,3,2,0,3,1,3,0,3,1,3,0,3,0,3,1,3,0,3,8,0,1,DC94E641,820B1307,902A6578,5701B991,0,0,1,0,1,255,0,-40,-126,23,0,0,0,0,0,0,0,0,0,0,0,0,0,0,0,0,0,0,0,0,0,0,0,0,0,0,0,0,0,0,0,0,0,0,0,0,0,0,0,0,0,0,0,0,0,0
,21,Adams,Jordan,0,0,0,0,1,1,1,0,49171,0,1,2,195.58,209.0,8,7,19,1,1,1,240,-1,2014,0,0,0,1,0,0,50,22,23,4619,0,0,0,0,0,1,0,1,1,0,-1,0,17,2,0,0,0,0,2,2,0,0,0,0,0,7,0,0,1,10,8,6,0,0,3,0,-1,-1,0,75,0,0,0,0,0,0,0,0,-1,-1,-1,-1,-1,-1,-1,-1,-1,-1,-1,-1,-1,-1,-1,-1,-1,-1,-1,-1,-1,0,0,0,0,0,0,0,0,0,0,0,0,0,0,0,0,0,0,0,0,0,0,0,0,0,0,0,0,0,-1,55,67,71,62,85,50,25,78,71,72,62,67,71,67,60,50,46,68,84,78,65,55,30,53,70,53,32,44,39,33,52,44,50,78,86,76,41,68,56,80,64,50,0,0,0,0,0,55,50,35,45,40,15,60,0,10,0,100,25,0,0,0,52,50,15,50,5,25,50,0,0,75,80,20,0,0,0,15,5,47,65,10,99,0,55,0,0,0,0,0,0,0,0,0,0,0,0,0,10,45,0,0,0,45,58,1,1,1,1,1,1,1,1,1,1,1,1,1,1,0,92,43,1,0,106,10,7,6,2,3,9,0,0,0,1,5,5,1,0,7,14,4,0,0,0,0,0,0,0,0,0,0,0,0,0,0,0,0,0,0,0,0,0,0,0,0,0,0,0,0,0,-1,0,0,0,0,1,1,3,0,3,0,3,2,0,3,0,3,0,3,0,3,2,0,3,1,3,0,3,1,3,0,3,0,3,1,3,0,3,8,0,8,72A86FD1,94C790AC,A53C3A39,521D2104,0,0,1,0,1,255,0,85,11,54,0,0,0,0,0,0,0,0,0,0,0,0,0,0,0,0,0,0,0,0,0,0,0,0,0,0,0,0,0,0,0,0,0,0,0,0,0,0,0,0,0,0,0,0,0,0
,22,Hood,Rodney,0,0,0,0,1,1,1,0,49172,0,2,1,203.2,206.0,20,10,21,0,0,1,11,-1,2014,0,0,0,1,25,50,75,26,30,4508,0,0,0,0,0,2,0,1,1,0,-1,0,3,0,0,10,0,0,0,4,0,0,0,0,0,0,0,0,1,6,8,3,6,7,5,0,-1,-1,0,75,0,0,0,0,0,0,0,0,-1,-1,-1,-1,-1,-1,-1,-1,-1,-1,-1,-1,-1,-1,-1,-1,-1,-1,-1,-1,-1,0,0,0,0,0,0,0,0,0,0,0,0,0,0,0,0,0,0,0,0,0,0,0,0,0,0,0,0,0,-1,62,72,81,76,75,66,39,71,79,71,75,74,67,68,66,69,61,78,69,64,62,64,47,63,77,65,41,49,59,53,63,61,65,87,76,71,53,75,64,82,75,40,6,7,35,37,8,62,36,14,52,59,29,61,79,5,20,35,40,81,58,11,47,35,0,75,0,0,25,0,0,85,52,28,51,87,32,40,50,22,86,10,25,25,63,0,0,25,25,0,25,75,25,0,50,25,25,5,50,23,0,25,15,50,25,1,1,1,1,1,2,1,1,1,2,2,1,1,1,0,26,21,1,0,7,12,10,7,4,4,9,0,0,0,2,4,3,0,1,4,6,7,14,0,0,0,0,0,0,0,0,0,0,0,0,0,0,0,0,0,0,0,0,0,0,0,0,0,0,0,0,-1,0,0,4,0,1,0,3,0,3,0,3,2,0,3,0,3,0,3,0,3,2,0,3,1,3,0,3,1,3,0,3,0,3,1,3,0,3,8,0,1,1D4535B0,22A96423,8A0705AB,4EC747DC,0,0,1,0,1,255,0,-29,70,31,0,0,0,0,0,0,0,0,0,0,0,0,0,0,0,0,0,0,0,0,0,0,0,0,0,0,0,0,0,0,0,0,0,0,0,0,0,0,0,0,0,0,0,0,0,0
,23,Napier,Shabazz,0,0,0,0,1,1,1,0,49173,0,0,5,185.42,180.0,14,7,22,1,1,1,43,-1,2014,0,0,0,1,25,25,75,26,30,4531,0,0,0,0,0,4,0,1,0,0,-1,0,21,0,0,0,0,0,0,3,0,0,0,0,0,0,0,1,1,1,8,2,7,0,13,0,-1,-1,0,75,0,0,0,0,0,0,0,0,-1,-1,-1,-1,-1,-1,-1,-1,-1,-1,-1,-1,-1,-1,-1,-1,-1,-1,-1,-1,-1,0,0,0,0,0,0,0,0,0,0,0,0,0,0,0,0,0,0,0,0,0,0,0,0,0,0,0,0,0,-1,25,76,79,82,84,30,25,82,75,74,73,72,84,78,65,45,30,82,88,83,74,79,35,65,80,60,35,45,25,25,65,55,65,88,93,87,32,70,62,77,76,75,6,35,7,0,0,62,28,8,48,59,25,56,84,20,5,40,35,50,75,25,50,75,0,90,0,25,50,75,50,50,30,90,0,0,0,0,0,39,57,25,25,0,74,0,0,0,100,0,0,0,0,0,0,0,0,0,35,20,0,25,15,30,25,1,1,1,1,1,1,1,1,1,1,2,2,2,1,1,26,21,20,0,15,6,10,13,0,5,9,0,0,0,1,4,4,2,0,4,6,0,0,0,0,0,0,0,0,0,0,0,0,0,0,0,0,0,0,0,0,0,0,0,0,0,0,0,0,0,0,-1,0,1,4,0,1,0,3,0,3,5,3,2,0,3,0,3,0,3,0,3,2,0,3,1,3,0,3,1,3,0,3,0,3,1,3,0,3,8,0,3,2631460D,EBAEC55F,0748EF76,432C7240,0,0,1,0,1,255,0,39,-18,41,0,0,0,0,0,0,0,0,0,0,0,0,0,0,0,0,0,0,0,0,0,0,0,0,0,0,0,0,0,0,0,0,0,0,0,0,0,0,0,0,0,0,0,0,0,0
,24,Capela,Clint,0,0,0,0,1,1,1,0,49174,0,4,5,208.28,240.0,18,5,19,1,1,1,527,-1,2014,0,0,0,1,30,40,90,26,31,4679,0,0,0,0,0,0,0,1,3,0,-1,0,4,0,0,0,0,0,0,1,0,0,0,0,0,0,0,0,0,30,3,4,0,0,15,0,-1,-1,0,75,0,0,0,0,0,0,0,0,-1,-1,-1,-1,-1,-1,-1,-1,-1,-1,-1,-1,-1,-1,-1,-1,-1,-1,-1,-1,-1,0,0,0,0,0,0,0,0,0,0,0,0,0,0,0,0,0,0,0,0,0,0,0,0,0,0,0,0,0,-1,83,71,63,25,57,71,82,57,84,49,59,52,54,59,77,37,71,56,48,43,51,42,78,32,80,52,85,80,73,76,52,52,50,85,57,52,80,79,82,90,84,50,33,1,20,31,0,48,64,17,0,0,67,25,0,0,5,0,95,100,0,0,60,0,0,0,0,0,0,0,0,99,90,10,0,0,0,95,99,15,89,0,99,90,69,25,0,85,0,50,0,50,50,90,0,0,0,0,0,65,0,25,15,90,40,2,2,1,2,1,1,1,1,1,1,1,1,1,1,0,26,64,11,1,6,0,0,0,0,0,2,1,1,1,0,2,2,1,2,15,18,20,22,38,56,0,0,0,0,0,0,0,0,0,0,0,0,0,0,0,0,0,0,0,0,0,0,0,0,0,0,-1,0,0,4,0,1,0,3,0,3,5,3,2,0,3,0,3,0,3,0,3,2,0,3,1,3,0,3,0,3,0,3,0,3,0,3,0,3,8,0,1,6D8BE23F,914EFFF5,5FA0609C,BA078AAB,0,0,1,0,1,255,0,89,-14,52,0,0,0,0,0,0,0,0,0,0,0,0,0,0,0,0,0,0,0,0,0,0,0,0,0,0,0,0,0,0,0,0,0,0,0,0,0,0,0,0,0,0,0,0,0,0
,25,Hairston,P.J.,0,0,0,0,1,1,1,0,49175,0,2,1,198.12,230.0,24,12,21,1,1,1,93,-1,2014,0,0,0,1,50,50,50,22,23,4563,0,0,0,0,0,2,0,1,1,0,-1,0,12,0,0,13,0,0,0,3,14,0,0,0,25,19,0,0,1,12,8,0,0,0,19,0,-1,-1,0,75,0,0,0,0,0,0,0,0,-1,-1,-1,-1,-1,-1,-1,-1,-1,-1,-1,-1,-1,-1,-1,-1,-1,-1,-1,-1,-1,0,0,0,0,0,0,0,0,0,0,0,0,0,0,0,0,0,0,0,0,0,0,0,0,0,0,0,0,0,-1,54,69,72,73,82,50,30,72,71,66,75,65,66,79,70,60,50,65,60,55,50,40,40,55,73,49,33,44,43,36,53,45,55,82,76,72,51,71,60,72,65,70,0,0,0,0,0,50,20,10,20,40,10,50,0,10,100,100,25,100,0,0,52,0,0,0,0,0,0,0,0,100,80,20,0,0,0,40,5,40,68,10,99,0,62,10,10,5,0,0,0,20,15,5,15,0,0,0,10,65,0,0,0,60,58,1,1,1,1,1,1,1,1,1,1,1,1,1,1,0,71,20,1,0,15,12,4,7,4,0,9,0,0,0,3,4,5,0,1,7,12,4,35,8,6,0,0,0,0,0,0,0,0,0,0,0,0,0,0,0,0,0,0,0,0,0,0,0,0,0,0,-1,0,0,4,0,1,0,3,0,3,0,3,2,0,3,0,3,0,3,0,3,2,0,3,1,3,0,3,1,3,0,3,0,3,1,3,0,3,8,0,1,B83724DD,575C61C3,9887E864,4D1FA0A1,0,0,1,0,1,255,0,5,42,41,0,0,0,0,0,0,0,0,0,0,0,0,0,0,0,0,0,0,0,0,0,0,0,0,0,0,0,0,0,0,0,0,0,0,0,0,0,0,0,0,0,0,0,0,0,0
,26,Bogdanovic,Bogdan,0,0,0,0,1,1,1,0,49176,0,1,2,200.54,205.0,18,8,21,1,1,1,393,-1,2014,0,0,0,1,25,25,90,27,30,4557,0,0,0,0,0,5,0,1,1,0,-1,0,2,1,0,0,0,0,1,3,0,0,0,0,0,0,0,1,1,11,2,8,3,7,8,0,-1,-1,0,75,0,0,0,0,0,0,0,0,-1,-1,-1,-1,-1,-1,-1,-1,-1,-1,-1,-1,-1,-1,-1,-1,-1,-1,-1,-1,-1,0,0,0,0,0,0,0,0,0,0,0,0,0,0,0,0,0,0,0,0,0,0,0,0,0,0,0,0,0,-1,41,71,74,73,79,41,25,82,78,71,82,74,88,78,67,53,43,77,82,77,76,78,36,56,77,59,42,52,41,45,72,56,65,85,80,77,45,71,77,82,79,50,6,3,4,37,15,54,29,37,42,69,10,65,75,5,10,25,80,100,50,25,60,50,5,25,5,15,25,0,0,75,40,95,15,35,0,25,40,40,74,30,50,5,83,15,15,15,0,0,25,20,10,0,25,0,0,5,100,60,0,50,50,65,20,2,0,0,0,1,2,1,1,1,1,2,1,1,1,1,119,71,6,0,27,9,1,2,5,5,9,0,0,2,4,3,0,1,1,4,6,7,9,12,0,0,0,0,0,0,0,0,0,0,0,0,0,0,0,0,0,0,0,0,0,0,0,0,0,0,0,-1,0,0,4,0,0,0,3,0,3,0,3,2,0,3,0,3,0,3,0,3,2,0,3,1,3,0,3,0,3,0,3,0,3,0,3,0,3,8,0,1,C42F0CAE,F365A538,6ED23DD2,294ECC3C,0,0,1,0,1,255,0,-99,-42,21,0,0,0,0,0,0,0,0,0,0,0,0,0,0,0,0,0,0,0,0,0,0,0,0,0,0,0,0,0,0,0,0,0,0,0,0,0,0,0,0,0,0,0,0,0,0
,27,Wilcox,C.J.,0,0,0,0,1,1,1,0,49177,0,1,2,195.58,195.0,30,12,23,1,1,1,242,-1,2014,0,0,0,1,0,0,50,24,25,4527,0,0,0,0,0,1,0,1,0,0,-1,0,3,1,0,8,0,0,1,3,0,0,15,0,0,4,0,0,1,8,8,6,0,0,23,0,-1,-1,0,75,0,0,0,0,0,0,0,0,-1,-1,-1,-1,-1,-1,-1,-1,-1,-1,-1,-1,-1,-1,-1,-1,-1,-1,-1,-1,-1,0,0,0,0,0,0,0,0,0,0,0,0,0,0,0,0,0,0,0,0,0,0,0,0,0,0,0,0,0,-1,25,64,68,76,80,55,25,74,70,67,70,69,72,70,56,52,35,72,82,76,63,56,34,47,76,46,36,44,38,39,54,47,50,81,86,78,44,70,54,79,65,40,8,0,0,0,0,52,22,16,38,59,18,25,5,5,10,25,60,100,0,0,55,50,15,50,5,25,50,0,0,75,30,70,0,0,0,35,0,39,40,15,0,0,5,0,0,0,0,0,0,0,0,0,0,0,0,0,0,20,0,0,0,55,50,1,1,1,1,1,1,1,1,1,1,1,1,1,1,1,133,4,15,0,90,27,4,5,2,2,6,2,0,0,1,6,4,3,0,4,6,0,0,0,0,0,0,0,0,0,0,0,0,0,0,0,0,0,0,0,0,0,0,0,0,0,0,0,0,0,0,-1,0,0,4,0,1,0,3,0,3,0,3,2,0,3,0,3,0,3,0,3,2,0,3,1,3,0,3,1,3,0,3,0,3,1,3,0,3,8,0,8,79BC7A3C,333A4FA3,E9D1C603,A31FE891,0,0,1,0,1,255,0,65,72,86,0,0,0,0,0,0,0,0,0,0,0,0,0,0,0,0,0,0,0,0,0,0,0,0,0,0,0,0,0,0,0,0,0,0,0,0,0,0,0,0,0,0,0,0,0,0
,28,Huestis,Josh,0,0,0,0,1,1,1,0,49178,0,2,3,200.66,230.0,19,12,22,1,1,1,239,-1,2014,0,0,0,1,25,25,75,22,23,8727,0,0,0,0,0,3,0,1,1,0,-1,0,15,1,0,0,0,0,1,1,0,0,0,0,0,0,0,0,1,15,3,0,0,0,34,0,-1,-1,0,75,0,0,0,0,0,0,0,0,-1,-1,-1,-1,-1,-1,-1,-1,-1,-1,-1,-1,-1,-1,-1,-1,-1,-1,-1,-1,-1,0,0,0,0,0,0,0,0,0,0,0,0,0,0,0,0,0,0,0,0,0,0,0,0,0,0,0,0,0,-1,25,62,67,65,30,75,55,72,72,72,78,69,70,65,58,63,54,67,62,58,49,45,66,55,75,60,64,58,53,62,52,56,50,80,70,64,58,78,60,67,65,25,0,0,0,0,0,50,50,20,15,40,35,25,15,5,10,5,80,100,0,0,45,35,15,25,5,15,25,0,0,75,50,10,70,50,50,25,75,30,60,25,25,75,40,0,0,0,0,0,0,0,0,0,0,0,0,0,15,45,0,0,0,75,80,2,0,1,1,1,1,0,1,1,0,2,1,1,2,0,131,39,17,0,14,1,1,1,7,6,0,1,0,0,2,2,2,0,1,27,29,23,25,35,0,0,0,0,0,0,0,0,0,0,0,0,0,0,0,0,0,0,0,0,0,0,0,0,0,0,0,-1,0,0,4,0,3,0,3,0,3,0,3,2,0,3,0,3,0,3,0,3,2,0,3,1,3,0,3,0,3,0,3,0,3,0,3,0,3,8,0,1,6D8BE23F,914EFFF5,5FA0609C,BA078AAB,0,0,1,0,1,255,0,-29,-34,29,0,0,0,0,0,0,0,0,0,0,0,0,0,0,0,0,0,0,0,0,0,0,0,0,0,0,0,0,0,0,0,0,0,0,0,0,0,0,0,0,0,0,0,0,0,0
,29,Anderson,Kyle,0,0,0,0,1,1,1,0,49179,0,2,3,205.74,230.0,20,9,20,1,1,1,240,-1,2014,0,0,0,1,25,25,75,26,28,4530,0,0,0,0,0,4,0,1,1,0,-1,0,13,0,0,0,0,0,0,4,0,0,0,0,0,0,0,1,1,17,2,3,5,6,1,0,-1,-1,0,75,0,0,0,0,0,0,0,0,-1,-1,-1,-1,-1,-1,-1,-1,-1,-1,-1,-1,-1,-1,-1,-1,-1,-1,-1,-1,-1,0,0,0,0,0,0,0,0,0,0,0,0,0,0,0,0,0,0,0,0,0,0,0,0,0,0,0,0,0,-1,62,70,68,64,71,64,51,74,83,66,75,75,73,79,62,58,59,61,77,72,69,68,66,56,81,59,63,74,52,55,62,60,50,85,56,60,60,70,67,82,75,50,15,0,0,0,0,52,43,42,26,39,35,50,25,5,10,5,80,100,0,0,52,35,15,25,5,15,25,0,0,85,70,50,0,0,0,25,0,40,76,15,70,25,53,50,25,25,0,0,0,0,25,25,75,0,0,0,55,33,0,25,25,50,25,1,1,1,1,1,1,1,1,1,1,1,1,1,1,2,108,40,20,0,47,4,6,2,3,4,9,0,0,0,1,6,6,1,1,12,16,13,0,0,0,0,0,0,0,0,0,0,0,0,0,0,0,0,0,0,0,0,0,0,0,0,0,0,0,0,0,-1,0,0,4,2,3,0,3,0,3,0,3,2,0,3,0,3,0,3,0,3,2,0,3,1,3,0,3,0,3,0,3,0,3,0,3,0,3,8,0,2,F14CE642,95DF13B7,D3F2BB79,AA7EF72D,0,0,1,0,1,255,0,-3,-85,62,0,0,0,0,0,0,0,0,0,0,0,0,0,0,0,0,0,0,0,0,0,0,0,0,0,0,0,0,0,0,0,0,0,0,0,0,0,0,0,0,0,0,0,0,0,0
,30,Inglis,Damien,0,0,0,0,1,1,1,0,49180,0,3,2,203.2,246.0,20,5,18,1,1,1,351,-1,2014,0,0,0,1,0,0,50,22,23,4757,0,0,0,0,0,2,0,1,1,0,-1,0,20,0,0,0,0,0,0,3,0,0,19,0,0,37,0,0,1,19,3,0,0,0,17,0,-1,-1,0,75,0,0,0,0,0,0,0,0,-1,-1,-1,-1,-1,-1,-1,-1,-1,-1,-1,-1,-1,-1,-1,-1,-1,-1,-1,-1,-1,0,0,0,0,0,0,0,0,0,0,0,0,0,0,0,0,0,0,0,0,0,0,0,0,0,0,0,0,0,-1,60,68,63,54,75,60,50,53,68,65,70,70,70,65,57,43,53,51,48,42,39,37,62,48,62,60,71,63,48,60,42,50,40,76,58,52,62,76,72,70,64,50,0,0,0,0,0,45,50,30,30,3,25,55,0,10,0,100,25,0,0,0,55,0,0,0,0,0,0,0,0,100,55,45,0,0,0,55,40,52,65,5,75,0,30,0,0,0,0,0,0,0,0,0,0,0,0,0,10,70,0,0,0,60,60,1,1,1,1,1,1,1,1,1,1,1,1,1,1,0,5,90,17,0,25,22,1,8,12,1,9,1,2,0,1,5,5,2,2,49,12,46,14,8,45,9,7,4,56,42,0,0,0,0,0,0,0,0,0,0,0,0,0,0,0,0,0,0,0,0,0,-1,0,0,0,0,1,0,3,0,3,0,3,2,0,3,0,3,0,3,0,3,2,0,3,1,3,0,3,0,3,0,3,0,3,0,3,0,3,8,0,6,CCD091AD,A5920184,856B0860,76CED7D6,0,0,1,0,1,255,0,-60,-33,36,0,0,0,0,0,0,0,0,0,0,0,0,0,0,0,0,0,0,0,0,0,0,0,0,0,0,0,0,0,0,0,0,0,0,0,0,0,0,0,0,0,0,0,0,0,0
,31,McDaniels,K.J.,0,0,0,0,1,1,1,0,49181,0,2,1,198.12,205.0,9,2,20,1,1,1,10,-1,2014,0,0,0,1,0,0,50,22,23,4649,0,0,0,0,0,3,1,1,1,0,-1,0,32,0,0,0,0,0,0,3,0,21,0,0,0,0,0,1,1,15,6,8,3,0,32,0,-1,-1,0,75,0,0,0,0,0,0,0,0,-1,-1,-1,-1,-1,-1,-1,-1,-1,-1,-1,-1,-1,-1,-1,-1,-1,-1,-1,-1,-1,0,0,0,0,0,0,0,0,0,0,0,0,0,0,0,0,0,0,0,0,0,0,0,0,0,0,0,0,0,-1,25,66,67,68,80,80,60,72,71,71,74,68,67,63,59,53,52,58,62,58,49,45,64,56,75,55,45,39,43,39,58,52,50,76,78,72,49,84,64,80,65,60,0,0,0,0,0,40,45,10,10,40,35,50,11,5,10,5,80,0,0,0,54,0,0,0,0,0,0,0,0,100,70,30,0,0,0,73,60,22,46,10,25,5,30,0,0,0,0,0,0,0,0,0,0,0,0,0,5,55,0,0,0,85,45,1,1,1,1,1,1,1,1,1,1,1,1,1,1,0,6,13,0,0,100,18,8,10,0,0,0,0,0,0,2,4,1,1,1,6,1,61,60,54,56,47,46,22,23,0,0,0,0,0,0,0,0,0,0,0,0,0,0,0,0,0,0,0,0,0,0,-1,0,0,4,0,1,0,3,0,3,5,3,2,0,3,0,3,0,3,2,3,2,0,3,1,3,0,3,1,3,0,3,0,3,1,3,0,3,8,0,1,0488B123,4616413B,55F83FD5,6C06C014,0,0,1,0,1,255,0,34,-133,5,0,0,0,0,0,0,0,0,0,0,0,0,0,0,0,0,0,0,0,0,0,0,0,0,0,0,0,0,0,0,0,0,0,0,0,0,0,0,0,0,0,0,0,0,0,0
,32,Harris,Joe,0,0,0,0,1,1,1,0,49182,0,1,2,198.12,219.0,7,9,22,1,1,1,17,-1,2014,0,0,0,1,25,25,75,26,30,4569,0,0,0,0,0,5,1,1,1,0,-1,0,32,1,0,0,0,0,1,3,0,0,0,0,0,0,0,0,1,8,8,7,3,0,12,0,-1,-1,0,75,0,0,0,0,0,0,0,0,-1,-1,-1,-1,-1,-1,-1,-1,-1,-1,-1,-1,-1,-1,-1,-1,-1,-1,-1,-1,-1,0,0,0,0,0,0,0,0,0,0,0,0,0,0,0,0,0,0,0,0,0,0,0,0,0,0,0,0,0,-1,48,69,63,80,83,47,25,71,73,63,65,59,60,71,59,57,47,68,74,68,62,68,36,62,82,61,34,43,45,49,66,58,65,84,82,78,53,66,78,87,77,25,8,0,0,0,0,54,18,25,15,67,10,35,35,15,10,40,35,100,0,0,56,50,0,90,0,5,50,25,15,75,40,60,10,35,5,10,0,25,75,15,5,5,67,25,0,0,25,0,15,5,20,0,25,0,5,35,25,40,0,25,15,40,38,1,1,1,1,1,1,1,1,1,1,1,1,1,1,1,16,37,3,0,27,22,6,4,4,0,2,0,0,1,1,2,1,0,1,8,4,5,9,0,0,0,0,0,0,0,0,0,0,0,0,0,0,0,0,0,0,0,0,0,0,0,0,0,0,0,0,-1,0,0,4,0,1,0,3,0,3,0,3,2,0,3,0,3,0,3,0,3,2,0,3,1,3,0,3,0,3,0,3,0,3,0,3,0,3,8,0,1,0FF5B269,47050973,C7281B3E,EBF25F93,0,0,1,0,1,255,0,18,9,118,0,0,0,0,0,0,0,0,0,0,0,0,0,0,0,0,0,0,0,0,0,0,0,0,0,0,0,0,0,0,0,0,0,0,0,0,0,0,0,0,0,0,0,0,0,0
,33,Early,Cleanthony,0,0,0,0,1,1,1,0,49183,0,2,3,203.2,210.0,17,4,22,1,1,1,203,-1,2014,0,0,0,1,0,0,50,22,23,8717,0,0,0,0,0,2,0,1,0,0,-1,0,10,0,0,0,0,0,0,4,0,19,0,0,0,0,0,0,1,13,8,6,0,0,11,0,-1,-1,0,75,0,0,0,0,0,0,0,0,-1,-1,-1,-1,-1,-1,-1,-1,-1,-1,-1,-1,-1,-1,-1,-1,-1,-1,-1,-1,-1,0,0,0,0,0,0,0,0,0,0,0,0,0,0,0,0,0,0,0,0,0,0,0,0,0,0,0,0,0,-1,60,63,64,68,80,70,60,62,75,64,71,69,62,71,61,63,57,57,47,45,40,35,65,50,65,60,63,57,52,58,48,46,45,76,68,62,50,80,62,73,63,50,0,0,0,0,0,40,40,20,30,40,10,40,0,10,0,0,0,0,0,0,58,0,0,0,0,0,0,0,0,100,80,20,0,0,0,55,15,44,47,15,75,0,50,0,0,0,0,0,0,0,0,0,0,0,0,0,0,32,0,0,0,55,55,1,1,1,1,1,1,1,1,1,1,1,1,1,1,0,56,13,2,0,47,23,6,3,5,4,9,0,0,1,2,4,0,1,1,25,1,9,7,26,12,13,29,3,23,16,17,18,35,0,0,0,0,0,0,0,0,0,0,0,0,0,0,0,0,0,0,-1,0,0,0,2,3,0,3,0,3,0,3,2,0,3,0,3,0,3,0,3,2,0,3,1,3,0,3,0,3,0,3,0,3,0,3,0,3,8,0,1,FAE7CB10,BDB2B21D,1AE42A24,6AF61B98,0,0,1,0,1,255,0,109,58,93,0,0,0,0,0,0,0,0,0,0,0,0,0,0,0,0,0,0,0,0,0,0,0,0,0,0,0,0,0,0,0,0,0,0,0,0,0,0,0,0,0,0,0,0,0,0
,34,Stokes,Jarnell,0,0,0,0,1,1,1,0,49184,0,3,4,205.74,255.0,7,1,19,1,1,1,262,-1,2014,0,0,0,1,0,0,50,22,23,4660,0,0,0,0,0,3,1,2,1,0,-1,0,2,2,0,8,0,0,2,1,0,0,0,0,0,0,0,0,0,20,3,0,0,0,9,0,-1,-1,0,75,0,0,0,0,0,0,0,0,-1,-1,-1,-1,-1,-1,-1,-1,-1,-1,-1,-1,-1,-1,-1,-1,-1,-1,-1,-1,-1,0,0,0,0,0,0,0,0,0,0,0,0,0,0,0,0,0,0,0,0,0,0,0,0,0,0,0,0,0,-1,65,64,62,25,55,75,80,54,75,50,50,50,50,55,46,51,63,43,40,38,34,31,60,38,72,48,83,72,64,68,46,44,35,74,48,42,72,78,68,70,62,90,6,0,0,0,0,50,40,30,15,0,30,30,0,10,25,0,0,0,0,0,60,0,0,0,0,0,0,0,0,100,70,30,0,0,0,40,15,24,70,0,10,0,50,10,10,45,0,35,0,70,60,40,0,0,0,0,0,32,0,0,0,55,35,1,1,1,1,1,1,1,1,1,1,1,1,1,1,0,16,35,11,1,19,19,3,6,8,3,4,1,1,1,0,4,2,1,1,38,7,1,18,10,9,0,0,0,0,0,0,0,0,0,0,0,0,0,0,0,0,0,0,0,0,0,0,0,0,0,0,-1,0,1,4,0,1,0,3,0,3,0,3,2,0,3,0,3,0,3,0,3,2,0,3,1,3,0,3,1,3,0,3,0,3,1,3,0,3,8,0,3,94DF32C3,3F0853DD,5B2AFAE1,F6A7471C,0,0,1,0,1,255,0,33,1,52,0,0,0,0,0,0,0,0,0,0,0,0,0,0,0,0,0,0,0,0,0,0,0,0,0,0,0,0,0,0,0,0,0,0,0,0,0,0,0,0,0,0,0,0,0,0
,35,O'Bryant,Johnny,0,0,0,0,1,1,1,0,49185,0,3,4,205.74,257.0,1,6,20,1,1,1,258,-1,2014,0,0,0,1,0,0,50,22,23,4651,0,0,0,0,0,2,0,1,1,0,-1,0,23,0,0,0,0,0,0,3,0,0,0,0,0,0,0,0,1,23,3,8,0,0,0,0,-1,-1,0,75,0,0,0,0,0,0,0,0,-1,-1,-1,-1,-1,-1,-1,-1,-1,-1,-1,-1,-1,-1,-1,-1,-1,-1,-1,-1,-1,0,0,0,0,0,0,0,0,0,0,0,0,0,0,0,0,0,0,0,0,0,0,0,0,0,0,0,0,0,-1,56,64,68,63,77,50,50,62,74,64,67,68,58,68,57,66,51,61,45,40,50,40,61,48,70,48,78,67,63,60,49,58,50,80,62,56,52,72,70,62,66,60,9,0,0,0,0,54,41,35,28,61,35,20,60,55,55,55,5,100,0,0,90,0,0,0,0,0,0,0,0,99,40,30,25,50,25,25,35,25,49,15,10,15,45,15,15,0,0,0,50,25,50,15,65,5,25,5,25,50,10,35,20,70,84,2,1,2,1,1,1,1,1,1,0,2,1,1,0,1,83,120,6,1,77,38,3,20,5,4,5,0,0,0,2,4,0,0,10,36,4,7,12,13,0,0,0,0,0,0,0,0,0,0,0,0,0,0,0,0,0,0,0,0,0,0,0,0,0,0,0,-1,0,0,4,0,3,0,3,0,3,0,3,2,0,3,0,3,0,3,0,3,2,0,3,1,3,0,3,0,3,0,3,0,3,0,3,0,3,8,0,1,1BFBFCF4,263DBAED,CDF68DEA,8F5BC97B,0,0,1,0,1,255,0,79,-98,20,0,0,0,0,0,0,0,0,0,0,0,0,0,0,0,0,0,0,0,0,0,0,0,0,0,0,0,0,0,0,0,0,0,0,0,0,0,0,0,0,0,0,0,0,0,0
,36,Dinwiddie,Spencer,0,0,0,0,1,1,1,0,49186,0,0,1,198.12,210.0,6,4,20,1,1,1,85,-1,2014,0,0,0,1,25,25,75,26,31,4628,0,0,0,0,0,3,0,1,1,0,-1,0,13,0,0,0,0,0,0,3,0,0,0,0,0,0,0,1,1,1,1,8,2,3,8,0,-1,-1,0,75,0,0,0,0,0,0,0,0,-1,-1,-1,-1,-1,-1,-1,-1,-1,-1,-1,-1,-1,-1,-1,-1,-1,-1,-1,-1,-1,0,0,0,0,0,0,0,0,0,0,0,0,0,0,0,0,0,0,0,0,0,0,0,0,0,0,0,0,0,-1,51,74,76,73,81,57,25,83,79,84,87,80,88,79,74,65,54,76,86,81,72,71,43,58,80,59,34,46,45,38,60,54,60,85,90,86,47,76,66,82,80,50,37,7,6,34,3,73,44,58,44,67,29,67,33,5,10,35,60,100,25,50,54,75,0,90,0,25,50,75,50,50,30,85,0,0,0,22,10,38,90,20,25,0,75,0,0,0,100,0,0,0,0,0,0,0,0,0,55,20,0,50,75,45,70,1,1,2,1,1,1,2,1,1,1,1,2,1,1,0,57,90,3,0,27,11,5,13,0,0,0,0,0,0,3,6,6,3,0,7,4,6,12,0,0,0,0,0,0,0,0,0,0,0,0,0,0,0,0,0,0,0,0,0,0,0,0,0,0,0,0,-1,0,0,4,0,1,0,3,0,3,0,3,2,0,3,0,3,0,3,8,3,2,0,3,1,3,0,3,1,3,0,3,0,3,1,3,0,3,8,0,1,1D4535B0,22A96423,8A0705AB,4EC747DC,0,0,1,0,1,255,0,-11,-64,11,0,0,0,0,0,0,0,0,0,0,0,0,0,0,0,0,0,0,0,0,0,0,0,0,0,0,0,0,0,0,0,0,0,0,0,0,0,0,0,0,0,0,0,0,0,0
,37,Grant,Jerami,0,0,0,0,1,1,1,0,49187,0,3,4,205.74,220.0,12,3,19,1,1,1,52,-1,2014,0,0,0,2,25,25,75,26,30,4510,0,0,0,0,0,2,0,1,1,0,-1,0,2,0,0,0,0,0,0,3,0,0,0,0,0,0,0,0,1,20,3,4,6,0,9,0,-1,-1,0,75,0,0,0,0,0,0,0,0,-1,-1,-1,-1,-1,-1,-1,-1,-1,-1,-1,-1,-1,-1,-1,-1,-1,-1,-1,-1,-1,0,0,0,0,0,0,0,0,0,0,0,0,0,0,0,0,0,0,0,0,0,0,0,0,0,0,0,0,0,-1,72,66,71,64,62,80,80,73,79,68,76,78,74,69,72,69,59,53,57,52,52,52,78,48,76,64,49,73,64,71,56,62,50,80,66,64,55,75,71,82,78,50,28,1,0,0,0,48,64,56,45,57,35,65,15,0,0,0,65,100,0,0,95,15,0,0,0,0,0,15,0,75,65,15,10,0,0,80,90,15,65,35,55,50,55,0,35,0,0,0,0,0,45,10,18,0,0,5,0,40,66,41,43,68,66,2,1,1,1,1,1,1,1,1,1,0,2,0,0,0,140,13,1,0,29,18,4,8,7,3,5,0,0,2,2,2,1,1,1,12,1,7,56,9,2,23,14,15,27,0,0,0,0,0,0,0,0,0,0,0,0,0,0,0,0,0,0,0,0,0,0,-1,0,0,4,0,3,3,3,0,3,0,3,2,0,3,0,3,0,3,0,3,2,0,3,1,3,0,3,1,3,0,3,0,3,0,3,0,3,8,0,3,57CBBF5F,C96947C8,DD2D8960,3B106E6E,0,0,1,0,1,255,0,127,-125,9,0,0,0,0,0,0,0,0,0,0,0,0,0,0,0,0,0,0,0,0,0,0,0,0,0,0,0,0,0,0,0,0,0,0,0,0,0,0,0,0,0,0,0,0,0,0
,38,Robinson III,Glenn,0,0,0,0,1,1,1,0,49188,0,2,1,198.12,222.0,8,1,19,1,1,1,76,-1,2014,0,0,0,1,25,50,75,26,28,4513,0,0,0,0,0,1,1,1,1,0,-1,0,13,0,0,0,0,20,0,3,0,0,0,15,0,6,0,0,1,18,3,8,6,7,22,0,-1,-1,0,75,0,0,0,0,0,0,0,0,-1,-1,-1,-1,-1,-1,-1,-1,-1,-1,-1,-1,-1,-1,-1,-1,-1,-1,-1,-1,-1,0,0,0,0,0,0,0,0,0,0,0,0,0,0,0,0,0,0,0,0,0,0,0,0,0,0,0,0,0,-1,46,69,71,73,81,91,60,76,75,76,85,75,76,82,67,56,48,73,74,69,62,58,53,61,78,60,34,47,46,53,64,58,55,80,88,83,45,90,65,67,74,60,1,0,0,0,0,66,31,10,32,35,38,50,20,5,5,5,85,100,0,0,54,35,15,25,5,15,25,0,0,75,70,50,0,0,0,78,45,48,71,15,25,5,65,0,0,0,0,0,0,0,0,0,0,0,0,0,15,15,0,25,15,55,15,1,1,1,1,1,2,1,1,1,2,1,1,1,0,0,162,20,23,0,20,18,10,6,0,0,5,0,1,1,3,2,5,2,1,23,12,3,22,7,24,17,14,9,35,32,48,42,47,0,0,0,0,0,0,0,0,0,0,0,0,0,0,0,0,0,0,-1,0,0,4,0,1,0,3,0,3,5,3,2,0,3,0,3,0,3,0,3,2,0,3,1,3,0,3,1,3,0,3,0,3,1,3,0,3,8,0,10,AC852F14,53C0EE1C,2CF9EE49,DABC625C,0,0,1,0,1,255,0,-7,-14,99,0,0,0,0,0,0,0,0,0,0,0,0,0,0,0,0,0,0,0,0,0,0,0,0,0,0,0,0,0,0,0,0,0,0,0,0,0,0,0,0,0,0,0,0,0,0
,39,Jokic,Nikola,0,0,0,0,1,1,1,0,49189,0,4,3,213.36,250.0,19,2,18,1,1,1,393,-1,2014,0,0,0,1,50,40,90,26,32,7573,0,0,0,0,0,5,0,1,3,0,-1,0,1,1,0,0,0,0,1,1,0,0,10,20,0,0,0,1,1,30,2,4,3,8,15,0,-1,-1,0,75,0,0,0,0,0,0,0,0,-1,-1,-1,-1,-1,-1,-1,-1,-1,-1,-1,-1,-1,-1,-1,-1,-1,-1,-1,-1,-1,0,0,0,0,0,0,0,0,0,0,0,0,0,0,0,0,0,0,0,0,0,0,0,0,0,0,0,0,0,-1,91,76,73,65,80,30,25,67,81,65,73,78,87,71,62,69,83,51,58,52,64,77,48,43,82,41,92,84,82,70,67,51,60,74,48,42,80,58,66,90,92,99,10,14,15,16,18,48,53,16,48,59,62,47,43,15,30,50,15,100,0,0,51,35,0,35,0,0,25,25,35,85,38,92,25,50,25,1,5,75,95,0,25,90,88,15,15,85,0,75,25,65,80,90,50,5,0,35,85,70,0,50,25,40,40,2,2,1,2,1,1,2,1,1,1,1,2,2,1,0,22,66,19,1,34,22,2,9,9,11,5,1,0,1,0,3,2,0,2,11,2,10,0,0,0,0,0,0,0,0,0,0,0,0,0,0,0,0,0,0,0,0,0,0,0,0,0,0,0,0,0,-1,0,0,4,0,1,0,3,0,3,5,3,2,0,3,0,3,0,3,0,3,2,0,3,1,3,0,3,1,3,0,3,0,3,1,3,0,3,8,0,10,395E6B5B,B966DEC5,67150E7D,578B57AB,0,0,1,0,1,255,0,-103,4,42,0,0,0,0,0,0,0,0,0,0,0,0,0,0,0,0,0,0,0,0,0,0,0,0,0,0,0,0,0,0,0,0,0,0,0,0,0,0,0,0,0,0,0,0,0,0
,40,Johnson,Nick,0,0,0,0,1,1,1,0,49190,0,1,0,190.5,200.0,22,12,21,1,1,1,234,-1,2014,0,0,0,1,0,0,50,23,24,4616,0,0,0,0,0,4,0,1,0,0,-1,0,7,0,0,0,0,0,0,3,0,14,0,4,52,0,0,1,1,7,2,0,0,0,24,0,-1,-1,0,75,0,0,0,0,0,0,0,0,-1,-1,-1,-1,-1,-1,-1,-1,-1,-1,-1,-1,-1,-1,-1,-1,-1,-1,-1,-1,-1,0,0,0,0,0,0,0,0,0,0,0,0,0,0,0,0,0,0,0,0,0,0,0,0,0,0,0,0,0,-1,31,61,62,65,78,84,70,74,72,70,72,71,73,74,63,50,33,62,64,61,60,42,50,63,70,70,35,45,38,50,48,55,40,85,82,85,50,83,72,80,65,65,1,2,0,0,0,58,49,20,48,52,15,55,56,11,13,16,78,63,57,59,62,34,26,33,23,22,32,38,38,55,35,65,32,37,39,35,47,12,60,6,2,4,52,3,2,0,0,3,7,15,11,2,16,3,5,51,43,22,31,61,62,64,36,1,1,1,1,1,1,1,2,0,1,1,1,1,1,1,161,137,30,0,129,8,7,8,3,9,9,0,0,0,2,0,6,0,1,23,6,4,12,13,18,25,36,29,14,24,47,0,0,0,0,0,0,0,0,0,0,0,0,0,0,0,0,0,0,0,0,-1,0,0,4,0,1,0,3,0,3,0,3,2,0,3,0,3,0,3,0,3,2,0,3,1,3,0,3,1,3,0,3,0,3,1,3,0,3,8,0,2,3D33741E,A76B3C9F,DB30BCB2,3FA0CC33,0,0,1,0,1,255,0,18,-51,62,0,0,0,0,0,0,0,0,0,0,0,0,0,0,0,0,0,0,0,0,0,0,0,0,0,0,0,0,0,0,0,0,0,0,0,0,0,0,0,0,0,0,0,0,0,0
,41,Tavares,Walter,0,0,0,0,1,1,1,0,49191,0,4,5,220.98,260.0,22,3,22,1,1,1,399,-1,2014,0,0,0,1,0,0,50,22,23,7563,0,0,0,0,0,3,0,1,1,0,-1,0,9,0,0,0,0,0,0,3,20,20,0,0,0,0,0,0,0,29,3,0,0,0,40,0,-1,-1,0,75,0,0,0,0,0,0,0,0,-1,-1,-1,-1,-1,-1,-1,-1,-1,-1,-1,-1,-1,-1,-1,-1,-1,-1,-1,-1,-1,0,0,0,0,0,0,0,0,0,0,0,0,0,0,0,0,0,0,0,0,0,0,0,0,0,0,0,0,0,-1,75,60,55,25,55,60,75,40,78,43,43,30,37,32,60,55,70,45,35,30,25,30,80,35,60,45,84,76,60,75,40,47,30,74,46,40,80,50,60,64,66,40,0,0,0,0,0,30,50,20,5,0,50,25,0,0,5,5,90,0,0,0,55,0,0,0,0,0,0,0,0,100,34,54,0,0,0,50,25,57,33,0,75,0,32,0,0,75,0,0,0,0,25,100,0,0,0,0,0,43,0,0,0,65,80,2,1,1,1,1,1,1,1,1,1,1,0,1,1,0,92,64,30,0,71,0,0,0,0,3,4,1,0,1,0,0,0,2,2,10,11,8,7,0,0,0,0,0,0,0,0,0,0,0,0,0,0,0,0,0,0,0,0,0,0,0,0,0,0,0,0,-1,0,0,4,0,1,0,3,0,3,0,3,2,0,3,0,3,0,3,0,3,2,0,3,1,3,0,3,0,3,0,3,0,3,0,3,0,3,8,0,1,FF125C58,73D9527F,54EE4F71,FA269181,0,0,1,0,1,255,0,-3,56,89,0,0,0,0,0,0,0,0,0,0,0,0,0,0,0,0,0,0,0,0,0,0,0,0,0,0,0,0,0,0,0,0,0,0,0,0,0,0,0,0,0,0,0,0,0,0
,42,Brown,Markel,0,0,0,0,1,1,1,0,49192,0,0,1,191.0,185.0,29,1,21,1,1,1,92,-1,2014,0,0,0,1,0,0,50,22,23,8827,0,0,0,0,0,2,0,1,0,0,-1,0,29,3,0,0,0,0,3,3,0,0,0,0,0,0,0,1,1,5,2,8,0,0,26,0,-1,-1,0,75,0,0,0,0,0,0,0,0,-1,-1,-1,-1,-1,-1,-1,-1,-1,-1,-1,-1,-1,-1,-1,-1,-1,-1,-1,-1,-1,0,0,0,0,0,0,0,0,0,0,0,0,0,0,0,0,0,0,0,0,0,0,0,0,0,0,0,0,0,-1,30,70,68,66,75,40,25,73,71,74,72,76,77,70,60,35,30,72,81,76,72,67,28,64,80,55,29,43,28,27,56,48,50,81,90,84,40,70,50,80,66,90,0,0,0,0,0,20,25,15,30,40,15,10,60,5,5,5,85,100,0,50,55,50,0,50,0,25,50,75,50,75,40,40,50,55,5,0,0,45,10,65,5,0,10,0,0,0,100,0,0,0,0,0,0,0,0,0,50,5,0,0,0,10,44,1,1,1,1,0,1,1,2,1,2,0,1,2,1,0,43,9,14,0,89,24,8,2,0,8,9,0,0,0,3,2,1,1,0,0,0,0,0,0,0,0,0,0,0,0,0,0,0,0,0,0,0,0,0,0,0,0,0,0,0,0,0,0,0,0,0,-1,0,1,4,0,1,0,3,0,3,2,3,2,0,3,0,3,0,3,0,3,2,0,3,1,3,0,3,0,3,0,3,0,3,0,3,0,3,8,0,1,99719A53,572CD9F4,CC26206F,9B1750A3,0,0,1,0,1,255,0,74,-48,97,0,0,0,0,0,0,0,0,0,0,0,0,0,0,0,0,0,0,0,0,0,0,0,0,0,0,0,0,0,0,0,0,0,0,0,0,0,0,0,0,0,0,0,0,0,0
,43,Powell,Dwight,0,0,0,0,1,1,1,0,49193,0,4,3,210.82,240.0,20,7,22,1,1,1,239,-1,2014,0,0,0,1,50,25,75,26,29,4537,0,0,0,0,0,4,0,1,1,0,-1,0,7,4,0,0,0,0,4,3,0,0,0,0,0,0,0,0,0,26,3,6,0,0,7,0,-1,-1,0,75,0,0,0,0,0,0,0,0,-1,-1,-1,-1,-1,-1,-1,-1,-1,-1,-1,-1,-1,-1,-1,-1,-1,-1,-1,-1,-1,0,0,0,0,0,0,0,0,0,0,0,0,0,0,0,0,0,0,0,0,0,0,0,0,0,0,0,0,0,-1,72,70,69,64,67,84,86,63,74,66,66,77,71,67,61,62,68,49,52,48,46,44,74,52,82,60,79,71,57,68,54,58,50,81,72,66,63,83,81,87,78,50,1,0,0,0,0,50,79,45,20,39,65,35,0,5,5,0,50,100,0,0,95,0,0,0,0,0,0,0,0,99,71,19,46,0,0,90,85,25,67,5,80,50,68,30,40,25,0,20,0,35,65,31,0,0,0,5,5,65,50,71,69,65,73,2,1,0,1,1,1,1,1,1,1,2,1,2,1,0,8,21,6,0,64,22,7,16,0,0,7,0,0,2,3,0,0,2,2,11,9,6,48,0,0,0,0,0,0,0,0,0,0,0,0,0,0,0,0,0,0,0,0,0,0,0,0,0,0,0,0,-1,0,0,4,0,1,2,3,0,3,0,3,2,0,3,0,3,0,3,0,3,2,0,3,1,3,0,3,1,3,0,3,0,3,1,3,0,3,8,0,8,57BCC781,6B33D5E1,364E5BE7,41EE8B7B,0,0,1,0,1,255,0,37,49,2,0,0,0,0,0,0,0,0,0,0,0,0,0,0,0,0,0,0,0,0,0,0,0,0,0,0,0,0,0,0,0,0,0,0,0,0,0,0,0,0,0,0,0,0,0,0
,44,Clarkson,Jordan,0,0,0,0,1,1,1,0,49194,0,1,0,195.58,194.0,7,6,21,1,1,1,89,-1,2014,0,0,0,1,50,50,50,26,30,4517,0,0,0,0,0,3,0,1,1,0,-1,0,17,0,0,0,0,0,0,3,0,0,0,0,38,25,0,1,1,6,8,6,7,1,8,0,-1,-1,0,75,0,0,0,0,0,0,0,0,-1,-1,-1,-1,-1,-1,-1,-1,-1,-1,-1,-1,-1,-1,-1,-1,-1,-1,-1,-1,-1,0,0,0,0,0,0,0,0,0,0,0,0,0,0,0,0,0,0,0,0,0,0,0,0,0,0,0,0,0,-1,46,70,78,71,80,58,30,75,72,73,76,84,77,73,66,48,33,72,82,78,71,65,31,54,74,62,33,44,38,34,58,54,60,84,88,82,43,73,63,85,76,70,4,3,12,6,35,68,28,18,66,67,24,63,77,5,20,30,45,100,0,50,55,50,15,90,5,25,50,0,0,75,60,30,25,75,0,25,75,15,72,10,25,0,79,0,0,0,100,0,0,0,0,0,0,0,0,5,50,30,0,25,15,35,5,1,1,1,1,1,2,1,2,1,1,2,1,2,1,0,150,11,6,0,68,23,8,3,5,4,9,0,0,0,1,4,3,1,1,6,4,5,18,36,59,0,0,0,0,0,0,0,0,0,0,0,0,0,0,0,0,0,0,0,0,0,0,0,0,0,0,-1,0,0,4,0,1,2,3,0,3,0,3,2,0,3,2,3,0,3,0,3,2,0,3,1,3,0,3,0,3,0,3,0,3,0,3,0,3,8,0,3,57CBBF5F,C96947C8,DD2D8960,3B106E6E,0,0,1,0,1,255,0,67,50,76,0,0,0,0,0,0,0,0,0,0,0,0,0,0,0,0,0,0,0,0,0,0,0,0,0,0,0,0,0,0,0,0,0,0,0,0,0,0,0,0,0,0,0,0,0,0
,45,Smith,Russ,0,0,0,0,1,1,1,0,49195,0,0,5,187.54,160.0,19,4,22,1,1,1,121,-1,2014,0,0,0,1,0,0,50,25,26,4545,0,0,0,0,0,2,0,1,1,0,-1,0,3,0,0,0,0,0,0,3,0,0,0,0,0,36,0,1,1,1,2,8,1,0,2,0,-1,-1,0,75,0,0,0,0,0,0,0,0,-1,-1,-1,-1,-1,-1,-1,-1,-1,-1,-1,-1,-1,-1,-1,-1,-1,-1,-1,-1,-1,0,0,0,0,0,0,0,0,0,0,0,0,0,0,0,0,0,0,0,0,0,0,0,0,0,0,0,0,0,-1,25,72,75,74,80,50,25,81,74,74,83,85,83,75,68,40,25,72,88,86,74,69,30,55,75,52,31,48,34,28,59,51,55,82,90,86,35,63,66,70,68,55,0,0,0,0,0,73,40,15,45,45,0,40,60,15,15,10,55,0,0,0,55,75,0,50,0,25,50,75,50,50,57,54,0,0,0,5,10,5,75,5,50,0,50,0,0,0,0,0,0,0,0,0,0,0,0,15,65,29,0,10,10,30,30,2,0,1,1,1,1,1,1,1,2,1,1,2,1,0,36,0,18,1,15,18,8,6,7,3,2,0,1,1,4,3,2,0,2,7,4,6,0,0,0,0,0,0,0,0,0,0,0,0,0,0,0,0,0,0,0,0,0,0,0,0,0,0,0,0,0,-1,0,0,4,0,1,0,3,0,3,0,3,2,0,3,0,3,0,3,0,3,2,0,3,1,3,0,3,1,3,0,3,0,3,1,3,0,3,8,0,1,99719A53,572CD9F4,CC26206F,9B1750A3,0,0,1,0,1,255,0,-61,107,56,0,0,0,0,0,0,0,0,0,0,0,0,0,0,0,0,0,0,0,0,0,0,0,0,0,0,0,0,0,0,0,0,0,0,0,0,0,0,0,0,0,0,0,0,0,0
,46,Patterson,Lamar,0,0,0,0,1,1,1,0,49196,0,2,1,195.58,225.0,12,8,22,1,1,1,47,-1,2014,0,0,0,1,0,0,50,22,23,4572,0,0,0,0,0,1,0,1,1,0,-1,0,12,0,0,0,0,0,0,3,0,0,0,55,0,0,0,0,1,13,8,0,0,0,13,0,-1,-1,0,75,0,0,0,0,0,0,0,0,-1,-1,-1,-1,-1,-1,-1,-1,-1,-1,-1,-1,-1,-1,-1,-1,-1,-1,-1,-1,-1,0,0,0,0,0,0,0,0,0,0,0,0,0,0,0,0,0,0,0,0,0,0,0,0,0,0,0,0,0,-1,73,65,61,64,73,60,50,62,72,75,70,70,65,65,48,68,62,49,64,60,50,45,47,59,70,58,35,52,35,50,42,52,40,78,68,70,55,70,74,80,61,25,0,0,0,0,0,29,18,2,8,45,18,34,8,10,0,0,25,100,0,0,50,90,0,0,0,80,50,70,60,100,18,45,8,8,8,20,34,20,20,55,50,0,39,0,0,0,100,0,0,0,0,0,0,0,0,23,23,41,60,44,44,30,41,1,0,1,1,1,1,1,0,1,1,0,1,0,1,1,101,3,9,0,10,18,7,2,3,9,5,0,0,0,1,4,4,1,0,7,0,0,0,0,0,0,0,0,0,0,0,0,0,0,0,0,0,0,0,0,0,0,0,0,0,0,0,0,0,0,0,-1,0,0,4,0,1,2,3,0,3,0,3,2,0,3,0,3,0,3,0,3,2,0,3,1,3,0,3,1,3,0,3,0,3,1,3,0,3,8,0,8,57BCC781,6B33D5E1,364E5BE7,41EE8B7B,0,0,1,0,1,255,0,86,23,44,0,0,0,0,0,0,0,0,0,0,0,0,0,0,0,0,0,0,0,0,0,0,0,0,0,0,0,0,0,0,0,0,0,0,0,0,0,0,0,0,0,0,0,0,0,0
,47,Bairstow,Cameron,0,0,0,0,1,1,1,0,49197,0,3,2,205.74,250.0,7,12,23,1,1,1,207,-1,2014,0,0,0,1,0,0,65,22,23,8707,0,0,0,0,0,5,0,1,1,0,-1,0,2,0,0,0,0,0,0,4,0,0,17,0,0,0,0,0,0,22,5,7,3,0,41,0,-1,-1,0,75,0,0,0,0,0,0,0,0,-1,-1,-1,-1,-1,-1,-1,-1,-1,-1,-1,-1,-1,-1,-1,-1,-1,-1,-1,-1,-1,0,0,0,0,0,0,0,0,0,0,0,0,0,0,0,0,0,0,0,0,0,0,0,0,0,0,0,0,0,-1,52,66,68,53,74,50,52,62,66,52,56,51,45,45,53,66,58,46,48,44,42,48,54,40,64,40,65,58,60,57,48,45,50,75,54,48,58,62,50,76,60,40,0,0,0,0,0,48,44,30,42,15,37,17,25,24,34,42,43,44,9,12,55,6,7,6,10,4,8,5,7,49,46,57,32,19,38,42,14,42,34,41,14,26,58,21,10,12,0,18,37,18,19,18,34,26,10,9,9,35,36,15,24,51,32,1,1,1,1,1,1,1,1,1,0,1,2,1,1,1,57,53,11,1,21,1,13,0,4,5,5,1,1,2,0,1,2,0,2,11,10,15,2,0,0,0,0,0,0,0,0,0,0,0,0,0,0,0,0,0,0,0,0,0,0,0,0,0,0,0,0,-1,0,0,4,0,1,2,3,0,3,0,3,2,0,3,2,3,0,3,0,3,2,0,3,1,3,0,3,0,3,0,3,0,3,0,3,0,3,8,0,3,57CBBF5F,C96947C8,DD2D8960,3B106E6E,0,0,1,0,1,255,0,68,25,11,0,0,0,0,0,0,0,0,0,0,0,0,0,0,0,0,0,0,0,0,0,0,0,0,0,0,0,0,0,0,0,0,0,0,0,0,0,0,0,0,0,0,0,0,0,0
,48,Antetokounmpo,Thanasis,0,0,0,0,1,1,1,0,49198,0,2,3,198.82,205.0,7,7,21,1,1,1,356,-1,2014,0,0,0,1,50,55,65,27,29,4542,0,0,0,0,0,1,0,1,1,0,-1,0,10,0,0,0,0,0,0,4,32,7,0,56,0,0,0,0,1,15,6,1,7,0,43,0,-1,-1,0,75,0,0,0,0,0,0,0,0,-1,-1,-1,-1,-1,-1,-1,-1,-1,-1,-1,-1,-1,-1,-1,-1,-1,-1,-1,-1,-1,0,0,0,0,0,0,0,0,0,0,0,0,0,0,0,0,0,0,0,0,0,0,0,0,0,0,0,0,0,-1,38,66,63,61,66,80,80,63,71,70,71,72,70,70,64,58,57,55,56,52,48,44,70,52,68,60,64,52,52,63,52,58,40,80,78,74,64,80,72,80,67,58,23,0,0,0,0,50,42,24,19,46,37,64,30,24,43,57,31,55,29,36,61,29,30,23,23,10,19,15,20,56,60,35,32,30,37,45,39,34,49,18,12,31,50,14,12,16,0,10,4,19,27,6,13,5,6,20,25,36,46,63,73,55,40,1,1,1,2,1,1,1,1,1,1,1,1,1,0,0,90,130,16,0,34,21,2,9,1,2,5,1,1,1,5,3,3,0,15,17,1,4,12,16,18,19,26,39,31,0,0,0,0,0,0,0,0,0,0,0,0,0,0,0,0,0,0,0,0,0,0,-1,0,0,4,0,1,2,3,0,3,0,3,2,0,3,2,3,0,3,0,3,2,0,3,1,3,0,3,0,3,0,3,0,3,0,3,0,3,8,0,3,57CBBF5F,C96947C8,DD2D8960,3B106E6E,0,0,1,0,1,255,0,-91,-56,82,0,0,0,0,0,0,0,0,0,0,0,0,0,0,0,0,0,0,0,0,0,0,0,0,0,0,0,0,0,0,0,0,0,0,0,0,0,0,0,0,0,0,0,0,0,0
,49,Christon,Semaj,0,0,0,0,1,1,1,0,49199,0,0,1,190.5,190.0,1,11,21,1,1,1,41,-1,2014,0,0,0,1,0,0,50,22,23,8774,0,0,0,0,0,1,0,1,0,0,-1,0,23,2,0,0,0,0,2,1,0,0,0,0,33,0,0,1,1,0,2,0,0,0,6,0,-1,-1,0,75,0,0,0,0,0,0,0,0,-1,-1,-1,-1,-1,-1,-1,-1,-1,-1,-1,-1,-1,-1,-1,-1,-1,-1,-1,-1,-1,0,0,0,0,0,0,0,0,0,0,0,0,0,0,0,0,0,0,0,0,0,0,0,0,0,0,0,0,0,-1,25,72,68,66,60,50,25,76,71,82,69,75,75,83,62,40,30,68,88,86,68,72,31,57,78,49,29,43,29,25,58,44,50,83,92,88,31,72,60,84,66,25,0,0,0,0,0,40,25,5,35,40,25,50,32,5,5,5,85,0,0,0,57,50,0,50,0,25,50,75,50,75,30,70,0,0,0,5,0,10,30,57,25,0,32,0,0,0,0,0,0,0,0,0,0,0,0,0,0,63,0,0,0,70,24,2,1,1,2,1,0,1,1,1,2,1,2,0,0,1,56,34,8,0,15,21,7,8,2,0,9,0,0,0,2,1,4,1,0,8,4,9,0,0,0,0,0,0,0,0,0,0,0,0,0,0,0,0,0,0,0,0,0,0,0,0,0,0,0,0,0,-1,0,0,4,0,1,0,3,0,3,0,3,2,0,3,0,3,0,3,9,3,2,0,3,1,3,0,3,1,3,0,3,0,3,0,3,0,3,8,0,8,72A86FD1,94C790AC,A53C3A39,521D2104,0,0,1,0,1,255,0,9,-40,107,0,0,0,0,0,0,0,0,0,0,0,0,0,0,0,0,0,0,0,0,0,0,0,0,0,0,0,0,0,0,0,0,0,0,0,0,0,0,0,0,0,0,0,0,0,0
,50,Marble,Devyn,0,0,0,0,1,1,1,0,49200,0,1,2,198.12,200.0,21,9,21,1,1,1,75,-1,2014,0,0,0,1,0,0,80,22,23,4599,0,0,0,0,0,3,0,1,1,0,-1,0,2,3,0,0,0,0,3,1,0,0,0,0,0,0,0,1,1,6,8,1,7,0,11,0,-1,-1,0,75,0,0,0,0,0,0,0,0,-1,-1,-1,-1,-1,-1,-1,-1,-1,-1,-1,-1,-1,-1,-1,-1,-1,-1,-1,-1,-1,0,0,0,0,0,0,0,0,0,0,0,0,0,0,0,0,0,0,0,0,0,0,0,0,0,0,0,0,0,-1,34,66,68,71,71,62,44,71,66,75,71,76,80,75,58,46,33,59,76,72,54,50,33,48,67,52,32,46,38,31,53,47,55,80,84,76,42,73,62,80,65,68,0,0,0,0,0,65,50,19,55,60,7,45,65,14,19,32,63,54,50,61,57,34,31,32,25,16,21,23,19,47,60,43,44,52,54,15,35,16,71,8,50,7,62,8,3,2,0,3,8,10,17,1,15,1,7,47,50,28,46,61,62,45,29,1,1,2,1,0,1,1,1,1,1,1,1,1,1,0,21,8,27,0,17,10,7,9,3,1,7,0,0,1,1,4,1,2,1,4,7,8,14,17,12,0,0,0,0,0,0,0,0,0,0,0,0,0,0,0,0,0,0,0,0,0,0,0,0,0,0,-1,0,0,4,0,1,0,3,0,3,0,3,2,0,3,0,3,0,3,9,3,2,0,3,1,3,0,3,1,3,0,3,0,3,0,3,0,3,8,0,8,72A86FD1,94C790AC,A53C3A39,521D2104,0,0,1,0,1,255,0,-39,-66,74,0,0,0,0,0,0,0,0,0,0,0,0,0,0,0,0,0,0,0,0,0,0,0,0,0,0,0,0,0,0,0,0,0,0,0,0,0,0,0,0,0,0,0,0,0,0
,51,McRae,Jordan,0,0,0,0,1,1,1,0,49201,0,1,0,195.58,179.0,28,3,22,1,1,1,262,-1,2014,0,0,0,1,0,0,50,26,29,4548,0,0,0,0,0,2,0,1,0,0,-1,0,16,0,0,0,0,0,0,3,0,0,24,0,0,0,0,0,1,6,2,1,8,0,52,0,-1,-1,0,75,0,0,0,0,0,0,0,0,-1,-1,-1,-1,-1,-1,-1,-1,-1,-1,-1,-1,-1,-1,-1,-1,-1,-1,-1,-1,-1,0,0,0,0,0,0,0,0,0,0,0,0,0,0,0,0,0,0,0,0,0,0,0,0,0,0,0,0,0,-1,41,69,71,76,80,52,30,77,73,67,70,69,72,70,68,58,33,76,81,76,54,52,39,62,72,61,33,38,41,36,59,55,60,85,86,81,43,72,72,80,68,70,0,0,0,0,0,50,40,20,30,35,10,54,0,5,10,25,60,0,0,0,64,50,15,50,5,25,50,0,0,75,59,41,0,0,0,20,17,6,5,4,1,0,70,0,0,0,0,0,0,0,0,0,0,0,0,0,52,20,0,25,25,34,7,1,1,1,1,1,1,1,1,1,1,1,1,1,1,0,15,52,10,0,8,17,8,2,0,0,9,0,0,0,1,0,0,0,0,12,4,6,13,16,18,29,0,0,0,0,0,0,0,0,0,0,0,0,0,0,0,0,0,0,0,0,0,0,0,0,0,-1,0,0,4,0,3,0,3,0,3,0,3,2,0,3,0,3,0,3,0,3,2,0,3,1,3,0,3,1,3,0,3,0,3,1,3,0,3,8,0,1,1D4535B0,22A96423,8A0705AB,4EC747DC,0,0,1,0,1,255,0,-84,16,28,0,0,0,0,0,0,0,0,0,0,0,0,0,0,0,0,0,0,0,0,0,0,0,0,0,0,0,0,0,0,0,0,0,0,0,0,0,0,0,0,0,0,0,0,0,0
,52,Jefferson,Cory,0,0,0,0,1,1,1,0,49202,0,3,5,205.74,218.0,26,12,23,1,1,1,84,-1,2014,0,0,0,1,0,0,50,22,23,4541,0,0,0,0,0,2,0,1,1,0,-1,0,2,4,0,0,0,0,4,3,0,0,0,0,0,0,0,0,0,20,3,4,5,0,21,0,-1,-1,0,75,0,0,0,0,0,0,0,0,-1,-1,-1,-1,-1,-1,-1,-1,-1,-1,-1,-1,-1,-1,-1,-1,-1,-1,-1,-1,-1,0,0,0,0,0,0,0,0,0,0,0,0,0,0,0,0,0,0,0,0,0,0,0,0,0,0,0,0,0,-1,65,66,69,55,60,60,70,58,74,50,52,46,54,47,58,53,64,45,38,34,33,32,56,41,66,47,73,64,56,60,54,50,50,75,54,50,63,74,60,75,66,66,0,0,0,0,0,51,62,21,23,14,54,60,0,44,52,40,34,61,14,15,61,14,17,8,6,4,7,15,18,36,43,49,22,18,34,52,30,58,78,51,99,44,43,14,12,10,0,23,16,31,22,15,26,12,17,9,12,49,43,18,24,68,45,2,1,1,1,1,1,1,1,1,1,0,1,1,1,0,153,129,5,0,110,0,0,1,8,11,5,1,1,1,3,0,3,0,2,16,1,2,10,11,0,0,0,0,0,0,0,0,0,0,0,0,0,0,0,0,0,0,0,0,0,0,0,0,0,0,0,-1,0,0,0,0,0,2,3,0,3,0,3,2,0,3,2,3,0,3,0,3,2,0,3,1,3,0,3,1,3,0,3,0,3,1,3,0,3,8,0,6,8E6256AD,BEE229D3,7F3E6BD4,5BF1AABC,0,0,1,0,1,255,0,-97,38,45,0,0,0,0,0,0,0,0,0,0,0,0,0,0,0,0,0,0,0,0,0,0,0,0,0,0,0,0,0,0,0,0,0,0,0,0,0,0,0,0,0,0,0,0,0,0
,53,Birch,Khem,0,0,0,0,1,1,1,0,49203,0,4,3,206.0,220.0,28,9,21,1,1,1,209,-1,2014,0,0,0,1,25,25,75,25,28,6576,0,0,0,0,0,3,0,1,3,0,-1,0,2,0,0,0,0,0,0,4,0,0,0,0,0,25,0,0,0,25,3,0,0,0,24,0,-1,-1,0,75,0,0,0,0,0,0,0,0,-1,-1,-1,-1,-1,-1,-1,-1,-1,-1,-1,-1,-1,-1,-1,-1,-1,-1,-1,-1,-1,0,0,0,0,0,0,0,0,0,0,0,0,0,0,0,0,0,0,0,0,0,0,0,0,0,0,0,0,0,-1,60,69,61,30,68,82,80,58,78,59,63,57,61,64,58,56,67,52,43,39,37,32,78,52,77,60,82,76,60,66,48,56,45,78,60,56,68,78,72,82,72,80,28,27,0,0,0,40,50,20,10,0,50,55,25,0,25,25,25,100,0,0,53,0,0,0,0,0,0,0,0,99,40,20,0,0,0,75,75,35,34,0,90,50,62,10,10,0,0,0,30,10,70,10,10,0,0,0,60,45,0,25,15,68,50,2,0,1,1,2,1,1,1,1,0,0,1,0,1,0,107,0,19,1,45,20,4,3,9,3,5,1,0,1,0,6,0,2,2,10,9,7,14,2,0,0,0,0,0,0,0,0,0,0,0,0,0,0,0,0,0,0,0,0,0,0,0,0,0,0,0,-1,0,0,4,0,0,0,3,0,3,0,3,2,0,3,0,3,0,3,0,3,2,0,3,1,3,0,3,1,3,0,3,0,3,1,3,0,3,8,0,5,BA90DD4D,526C1354,500F25E7,1AB55C4B,0,0,1,0,1,255,0,-98,40,7,0,0,0,0,0,0,0,0,0,0,0,0,0,0,0,0,0,0,0,0,0,0,0,0,0,0,0,0,0,0,0,0,0,0,0,0,0,0,0,0,0,0,0,0,0,0
,54,Black,Tarik,0,0,0,0,1,1,1,0,49204,0,3,4,205.74,250.0,22,11,22,1,1,1,87,-1,2014,0,0,0,1,0,25,50,22,23,8721,0,0,0,0,0,2,0,1,3,0,-1,0,17,0,0,0,0,0,0,3,0,0,0,48,0,1,0,0,0,20,3,0,0,0,28,0,-1,-1,0,75,0,0,0,0,0,0,0,0,-1,-1,-1,-1,-1,-1,-1,-1,-1,-1,-1,-1,-1,-1,-1,-1,-1,-1,-1,-1,-1,0,0,0,0,0,0,0,0,0,0,0,0,0,0,0,0,0,0,0,0,0,0,0,0,0,0,0,0,0,-1,65,60,35,25,46,70,80,44,74,43,45,42,51,48,62,48,67,44,35,30,36,33,70,38,68,48,81,72,67,72,44,50,40,80,54,50,81,75,76,80,66,65,31,0,0,0,0,30,50,5,0,0,50,0,0,10,25,0,0,100,0,0,50,0,0,0,0,0,0,0,0,100,70,10,0,0,0,68,75,0,35,0,99,90,20,0,0,100,0,0,0,0,0,0,0,0,0,0,0,75,0,0,0,80,75,1,1,1,1,1,1,1,1,1,1,1,1,1,1,0,17,62,17,1,19,29,12,18,9,11,4,1,1,1,0,1,2,2,2,10,2,4,6,7,0,0,0,0,0,0,0,0,0,0,0,0,0,0,0,0,0,0,0,0,0,0,0,0,0,0,0,-1,0,0,4,0,1,0,3,0,3,0,3,2,0,3,0,3,0,3,0,3,2,0,3,1,3,0,3,0,3,0,3,0,3,0,3,0,3,8,0,1,6D8BE23F,914EFFF5,5FA0609C,BA078AAB,0,0,1,0,1,255,0,-54,9,106,0,0,0,0,0,0,0,0,0,0,0,0,0,0,0,0,0,0,0,0,0,0,0,0,0,0,0,0,0,0,0,0,0,0,0,0,0,0,0,0,0,0,0,0,0,0
,55,Brown,Jabari,0,0,0,0,1,1,1,0,49205,0,1,2,195.58,220.0,26,8,21,1,1,1,10,-1,2014,0,0,0,1,60,60,45,22,23,4637,0,0,0,0,0,4,0,1,1,0,-1,0,7,0,0,0,0,0,0,1,0,26,0,0,0,47,0,0,1,12,6,0,0,0,15,0,-1,-1,0,75,0,0,0,0,0,0,0,0,-1,-1,-1,-1,-1,-1,-1,-1,-1,-1,-1,-1,-1,-1,-1,-1,-1,-1,-1,-1,-1,0,0,0,0,0,0,0,0,0,0,0,0,0,0,0,0,0,0,0,0,0,0,0,0,0,0,0,0,0,-1,41,66,68,72,54,67,25,77,72,71,77,82,77,77,58,43,31,61,89,87,62,42,33,54,71,46,35,33,39,34,53,46,50,84,80,78,38,77,64,80,63,45,0,0,0,0,0,80,40,36,20,25,5,85,35,5,15,35,45,50,25,25,52,50,25,40,20,25,25,60,25,99,60,40,45,40,20,0,20,5,54,35,0,0,60,0,0,0,25,0,5,15,0,0,15,0,5,70,78,25,35,76,78,64,42,2,1,1,1,1,0,1,1,1,1,1,1,1,2,0,145,16,4,0,112,28,7,7,5,4,9,0,0,0,1,6,0,2,9,0,0,0,0,0,0,0,0,0,0,0,0,0,0,0,0,0,0,0,0,0,0,0,0,0,0,0,0,0,0,0,0,-1,0,0,4,0,1,0,3,0,3,0,3,2,0,3,0,3,0,3,9,3,2,0,3,1,3,0,3,1,3,0,3,0,3,0,3,0,3,8,0,8,72A86FD1,94C790AC,A53C3A39,521D2104,0,0,1,0,1,255,0,-44,-34,23,0,0,0,0,0,0,0,0,0,0,0,0,0,0,0,0,0,0,0,0,0,0,0,0,0,0,0,0,0,0,0,0,0,0,0,0,0,0,0,0,0,0,0,0,0,0
,56,Cotton,Bryce,0,0,0,0,1,1,1,0,49206,0,0,1,198.12,189.0,10,4,21,1,1,1,79,-1,2014,0,0,0,1,5,15,50,22,23,4582,0,0,0,0,0,2,0,1,1,0,-1,0,3,0,0,11,0,0,0,3,28,0,0,0,0,0,0,1,1,1,2,8,7,0,8,0,-1,-1,0,75,0,0,0,0,0,0,0,0,-1,-1,-1,-1,-1,-1,-1,-1,-1,-1,-1,-1,-1,-1,-1,-1,-1,-1,-1,-1,-1,0,0,0,0,0,0,0,0,0,0,0,0,0,0,0,0,0,0,0,0,0,0,0,0,0,0,0,0,0,-1,40,75,73,71,81,25,25,77,72,72,75,72,75,70,65,58,25,71,79,76,71,66,25,60,76,48,25,30,25,25,54,42,46,81,92,83,31,65,66,80,64,65,0,0,0,0,0,55,40,35,50,60,2,65,78,10,15,25,50,50,25,25,52,32,15,30,15,12,10,15,15,60,40,60,45,30,0,0,0,37,64,20,99,0,45,1,10,16,0,13,0,21,0,0,15,0,0,30,35,54,38,60,56,30,45,1,1,1,1,1,1,1,1,1,1,1,1,1,1,0,16,51,1,0,81,7,13,15,4,9,9,0,0,1,2,2,4,2,0,8,2,41,34,32,9,6,0,0,0,0,0,0,0,0,0,0,0,0,0,0,0,0,0,0,0,0,0,0,0,0,0,-1,0,0,4,0,1,0,3,0,3,0,3,2,0,3,0,3,0,3,9,3,2,0,3,1,3,0,3,1,3,0,3,0,3,0,3,0,3,8,0,8,72A86FD1,94C790AC,A53C3A39,521D2104,0,0,1,0,1,255,0,-11,-40,6,0,0,0,0,0,0,0,0,0,0,0,0,0,0,0,0,0,0,0,0,0,0,0,0,0,0,0,0,0,0,0,0,0,0,0,0,0,0,0,0,0,0,0,0,0,0
,57,Craig,Torrey,0,0,0,0,1,1,1,0,49207,0,2,3,200.54,215.0,19,12,23,1,1,1,241,-1,2014,0,0,0,1,15,15,75,26,30,8800,0,0,0,0,0,2,0,1,1,0,-1,0,1,0,0,0,0,0,0,3,0,0,0,0,0,0,0,0,1,13,3,6,0,0,3,0,-1,-1,0,75,0,0,0,0,0,0,0,0,-1,-1,-1,-1,-1,-1,-1,-1,-1,-1,-1,-1,-1,-1,-1,-1,-1,-1,-1,-1,-1,0,0,0,0,0,0,0,0,0,0,0,0,0,0,0,0,0,0,0,0,0,0,0,0,0,0,0,0,0,-1,51,69,69,66,63,62,42,69,78,75,67,76,78,77,64,57,60,57,66,61,53,50,56,64,78,69,43,48,51,62,61,69,50,87,71,74,53,74,79,87,77,25,22,21,0,0,0,42,36,28,27,57,23,35,0,5,10,5,80,100,0,25,51,35,15,25,5,15,25,0,0,75,57,33,0,0,0,5,10,15,38,25,99,5,62,0,0,0,0,0,0,0,0,0,0,0,0,0,25,25,0,25,15,64,40,2,1,1,0,1,0,0,1,1,2,1,1,1,1,0,36,52,7,0,20,17,5,2,4,5,7,0,0,2,3,1,0,1,1,4,6,7,9,0,0,0,0,0,0,0,0,0,0,0,0,0,0,0,0,0,0,0,0,0,0,0,0,0,0,0,0,-1,0,1,4,0,1,2,3,0,3,5,3,2,0,3,0,3,0,3,0,3,2,0,3,1,3,0,3,1,3,0,3,0,3,0,3,0,3,8,0,1,6BDA0302,F548A4DC,8B9AF4F6,4B9DC4F5,0,0,1,0,1,255,0,-43,-17,21,0,0,0,0,0,0,0,0,0,0,0,0,0,0,0,0,0,0,0,0,0,0,0,0,0,0,0,0,0,0,0,0,0,0,0,0,0,0,0,0,0,0,0,0,0,0
,58,Eddie,Jarrell,0,0,0,0,1,1,1,0,49208,0,1,2,200.66,218.0,10,0,22,1,1,1,54,-1,2014,0,0,0,1,0,0,50,22,23,8743,0,0,0,0,0,3,0,1,1,0,-1,0,28,0,0,0,0,0,0,1,0,0,0,0,0,0,0,0,1,8,3,0,0,0,31,0,-1,-1,0,75,0,0,0,0,0,0,0,0,-1,-1,-1,-1,-1,-1,-1,-1,-1,-1,-1,-1,-1,-1,-1,-1,-1,-1,-1,-1,-1,0,0,0,0,0,0,0,0,0,0,0,0,0,0,0,0,0,0,0,0,0,0,0,0,0,0,0,0,0,-1,40,67,69,78,85,25,25,71,68,67,70,69,72,70,61,52,40,66,81,77,56,46,30,55,70,52,30,35,40,40,51,45,45,80,84,78,43,71,45,75,63,35,0,0,0,0,0,68,30,31,65,66,4,25,0,5,10,25,60,0,0,0,50,50,15,50,5,25,50,0,0,75,30,70,0,0,0,5,12,24,51,55,0,5,43,0,0,0,0,0,0,0,0,0,0,0,0,0,78,62,0,0,0,61,28,1,1,1,1,1,1,1,1,1,1,1,1,1,1,0,26,3,3,0,54,18,7,2,2,4,9,0,0,0,2,5,5,0,4,24,6,22,35,7,4,0,0,0,0,0,0,0,0,0,0,0,0,0,0,0,0,0,0,0,0,0,0,0,0,0,0,-1,0,0,4,0,1,0,3,0,3,0,3,2,0,3,0,3,0,3,0,3,2,0,3,1,3,0,3,0,3,0,3,0,3,0,3,0,3,8,0,1,D5430341,13B2C87A,4BC53216,87014F0C,0,0,1,0,1,255,0,-3,29,5,0,0,0,0,0,0,0,0,0,0,0,0,0,0,0,0,0,0,0,0,0,0,0,0,0,0,0,0,0,0,0,0,0,0,0,0,0,0,0,0,0,0,0,0,0,0
,59,Felicio,Cristiano,0,0,0,0,1,1,1,0,49209,0,4,3,208.28,265.0,7,7,21,1,1,1,194,-1,2014,0,0,0,1,0,25,75,26,27,7566,0,0,0,0,0,2,0,1,1,0,-1,0,35,0,0,13,0,0,0,1,0,0,0,0,0,26,0,0,0,29,3,4,5,0,6,0,-1,-1,0,75,0,0,0,0,0,0,0,0,-1,-1,-1,-1,-1,-1,-1,-1,-1,-1,-1,-1,-1,-1,-1,-1,-1,-1,-1,-1,-1,0,0,0,0,0,0,0,0,0,0,0,0,0,0,0,0,0,0,0,0,0,0,0,0,0,0,0,0,0,-1,77,67,64,25,59,70,80,62,76,50,54,49,56,46,49,47,71,25,37,32,32,30,67,32,69,54,78,73,66,71,59,57,60,80,61,47,78,72,78,77,70,60,0,0,0,0,0,40,80,40,10,0,55,35,0,5,5,0,50,100,0,0,95,0,0,0,0,0,0,0,0,99,85,10,15,0,0,75,70,58,63,46,99,75,54,0,25,0,0,50,0,30,90,48,0,0,0,55,0,2,25,53,32,0,73,2,1,2,1,1,1,1,1,1,1,1,1,1,1,0,88,11,9,0,13,1,0,1,3,5,0,0,0,1,0,1,2,1,6,24,3,4,5,12,13,22,23,26,27,41,31,44,58,57,0,0,0,0,0,0,0,0,0,0,0,0,0,0,0,0,0,-1,0,0,4,0,1,0,3,0,3,0,3,2,0,3,0,3,0,3,0,3,2,0,3,1,3,0,3,0,3,0,3,0,3,0,3,0,3,8,0,0,F356417A,FD4F4848,DFB13516,DF0B1C30,0,0,1,0,1,255,0,-73,-116,12,0,0,0,0,0,0,0,0,0,0,0,0,0,0,0,0,0,0,0,0,0,0,0,0,0,0,0,0,0,0,0,0,0,0,0,0,0,0,0,0,0,0,0,0,0,0
,60,Frazier,Tim,0,0,0,0,1,1,1,0,49210,0,0,5,185.42,170.0,1,11,23,1,1,1,81,-1,2014,0,0,0,1,50,50,50,26,27,8740,0,0,0,0,0,3,0,1,1,0,-1,0,7,0,0,0,0,0,0,3,0,0,0,0,0,10,0,1,1,2,2,8,0,0,12,0,-1,-1,0,75,0,0,0,0,0,0,0,0,-1,-1,-1,-1,-1,-1,-1,-1,-1,-1,-1,-1,-1,-1,-1,-1,-1,-1,-1,-1,-1,0,0,0,0,0,0,0,0,0,0,0,0,0,0,0,0,0,0,0,0,0,0,0,0,0,0,0,0,0,-1,39,76,71,72,77,25,25,84,75,75,77,80,77,73,63,41,31,68,86,82,73,78,25,76,78,58,25,42,25,25,63,61,55,83,93,87,31,68,64,82,72,65,25,0,0,0,0,57,20,30,37,41,12,50,25,5,5,5,85,100,0,0,50,50,0,50,0,25,50,75,50,75,30,85,0,0,0,2,10,12,35,70,25,0,63,0,0,0,0,0,0,0,0,0,0,0,0,5,100,25,25,47,65,35,45,1,1,1,1,1,1,1,1,1,1,1,1,2,1,0,45,31,14,0,15,21,3,2,0,1,9,0,0,0,5,4,6,2,0,6,0,0,0,0,0,0,0,0,0,0,0,0,0,0,0,0,0,0,0,0,0,0,0,0,0,0,0,0,0,0,0,-1,0,1,4,0,1,0,3,0,3,0,3,2,0,3,0,3,0,3,5,3,2,0,3,1,3,0,3,1,3,0,3,0,3,1,3,0,3,8,0,2,3DBB741E,A76B3C9F,DB30BCB2,3FA0CC85,0,0,1,0,1,255,0,68,-21,88,0,0,0,0,0,0,0,0,0,0,0,0,0,0,0,0,0,0,0,0,0,0,0,0,0,0,0,0,0,0,0,0,0,0,0,0,0,0,0,0,0,0,0,0,0,0
,61,Galloway,Langston,0,0,0,0,1,1,1,0,49211,0,1,0,187.96,200.0,9,12,22,1,1,1,39,-1,2014,0,0,0,1,25,25,50,26,30,8735,0,0,0,0,0,2,1,1,1,0,-1,0,33,3,0,11,0,0,3,1,0,0,0,0,0,0,0,0,1,2,2,3,6,0,9,0,-1,-1,0,75,0,0,0,0,0,0,0,0,-1,-1,-1,-1,-1,-1,-1,-1,-1,-1,-1,-1,-1,-1,-1,-1,-1,-1,-1,-1,-1,0,0,0,0,0,0,0,0,0,0,0,0,0,0,0,0,0,0,0,0,0,0,0,0,0,0,0,0,0,-1,40,66,67,70,79,45,25,79,74,76,77,78,83,82,63,40,35,57,76,72,56,52,45,72,77,64,30,42,36,45,56,62,50,86,90,88,52,72,78,82,74,60,23,0,0,0,0,50,10,5,25,65,10,25,25,5,5,30,60,100,0,0,50,50,15,50,5,25,50,0,0,75,30,80,0,0,0,0,0,15,54,15,0,0,66,0,0,0,100,0,0,0,0,0,0,0,0,0,80,10,0,25,15,70,22,2,1,0,1,0,1,1,0,1,2,1,1,1,2,0,28,30,10,0,2,23,6,7,0,8,9,0,0,0,2,1,1,2,0,0,0,0,0,0,0,0,0,0,0,0,0,0,0,0,0,0,0,0,0,0,0,0,0,0,0,0,0,0,0,0,0,-1,0,0,4,0,1,0,3,0,3,0,3,2,0,3,0,3,0,3,0,3,2,0,3,1,3,0,3,1,3,0,3,0,3,1,3,0,3,8,0,1,1D4535B0,22A96423,8A0705AB,4EC747DC,0,0,1,0,1,255,0,19,51,7,0,0,0,0,0,0,0,0,0,0,0,0,0,0,0,0,0,0,0,0,0,0,0,0,0,0,0,0,0,0,0,0,0,0,0,0,0,0,0,0,0,0,0,0,0,0
,62,Johnson,Tyler,0,0,0,0,1,1,1,0,49212,0,0,1,193.04,190.0,7,5,21,0,0,1,317,-1,2014,0,0,0,1,25,25,75,25,28,8736,0,0,0,0,0,5,0,0,1,0,-1,0,17,2,0,0,0,0,2,3,0,0,14,0,51,0,0,1,1,4,8,2,3,6,16,0,-1,-1,0,75,0,0,0,0,0,0,0,0,-1,-1,-1,-1,-1,-1,-1,-1,-1,-1,-1,-1,-1,-1,-1,-1,-1,-1,-1,-1,-1,0,0,0,0,0,0,0,0,0,0,0,0,0,0,0,0,0,0,0,0,0,0,0,0,0,0,0,0,0,-1,47,72,74,73,82,70,25,84,79,83,89,86,81,82,72,41,37,72,88,82,76,72,40,64,78,62,33,43,42,38,64,58,60,86,92,88,44,80,66,90,76,25,1,3,0,0,0,60,40,20,15,63,50,50,5,5,5,5,85,100,0,0,52,75,0,50,0,25,50,75,50,50,30,90,10,10,80,46,0,27,83,35,25,0,65,0,0,0,100,0,0,0,0,0,0,0,0,5,50,55,50,50,50,75,20,1,1,1,1,1,1,1,1,1,1,2,1,2,1,0,102,29,0,0,2,6,4,4,0,3,0,0,0,0,0,0,0,1,0,23,7,12,25,28,0,0,0,0,0,0,0,0,0,0,0,0,0,0,0,0,0,0,0,0,0,0,0,0,0,0,0,-1,0,0,4,2,3,0,3,0,3,0,3,2,0,3,0,3,0,3,0,3,2,0,3,1,3,0,3,0,3,0,3,0,3,1,3,0,3,8,0,2,3D33741E,A76B3C9F,DB30BCB2,3FA0CC33,0,0,1,0,1,255,0,-9,39,10,0,0,0,0,0,0,0,0,0,0,0,0,0,0,0,0,0,0,0,0,0,0,0,0,0,0,0,0,0,0,0,0,0,0,0,0,0,0,0,0,0,0,0,0,0,0
,63,Kilpatrick,Sean,0,0,0,0,1,1,1,0,49213,0,1,2,194.04,219.0,6,1,23,1,1,1,117,-1,2014,0,0,0,1,0,0,50,22,23,4562,0,0,0,0,0,2,0,1,1,0,-1,0,5,0,0,0,0,0,0,3,0,0,23,0,0,46,0,0,1,6,8,6,2,0,0,0,-1,-1,0,75,0,0,0,0,0,0,0,0,-1,-1,-1,-1,-1,-1,-1,-1,-1,-1,-1,-1,-1,-1,-1,-1,-1,-1,-1,-1,-1,0,0,0,0,0,0,0,0,0,0,0,0,0,0,0,0,0,0,0,0,0,0,0,0,0,0,0,0,0,-1,25,71,73,75,83,50,25,78,71,87,90,76,84,78,65,56,46,70,86,82,64,61,38,49,71,51,28,38,31,28,54,44,60,80,91,87,38,72,58,74,66,70,0,0,0,0,0,50,40,15,20,40,40,50,20,5,10,25,60,0,0,0,57,50,15,50,5,25,50,0,0,75,70,50,0,0,0,7,9,8,52,4,0,0,30,0,0,0,0,0,0,0,0,0,0,0,0,0,35,30,0,0,0,47,21,1,1,1,1,1,1,1,0,1,1,1,2,1,1,1,92,37,23,0,32,20,4,9,6,3,0,0,0,3,1,4,0,2,1,7,6,4,9,0,0,0,0,0,0,0,0,0,0,0,0,0,0,0,0,0,0,0,0,0,0,0,0,0,0,0,0,-1,0,0,4,0,3,0,3,0,3,0,3,2,0,3,0,3,0,3,0,3,2,0,3,1,3,0,3,1,3,0,3,0,3,1,3,0,3,8,0,1,FF125C58,73D9527F,54EE4F71,FA269181,0,0,1,0,1,255,0,-113,13,11,0,0,0,0,0,0,0,0,0,0,0,0,0,0,0,0,0,0,0,0,0,0,0,0,0,0,0,0,0,0,0,0,0,0,0,0,0,0,0,0,0,0,0,0,0,0
,64,Kleber,Maxi,0,0,0,0,1,1,1,0,49214,0,4,3,212.08,220.0,29,1,21,1,1,1,352,-1,2014,0,0,0,1,25,25,75,26,29,8791,0,0,0,0,0,5,0,1,1,0,-1,0,32,1,0,0,0,0,1,3,0,0,19,0,0,0,0,0,1,25,3,4,8,0,42,0,-1,-1,0,75,0,0,0,0,0,0,0,0,-1,-1,-1,-1,-1,-1,-1,-1,-1,-1,-1,-1,-1,-1,-1,-1,-1,-1,-1,-1,-1,0,0,0,0,0,0,0,0,0,0,0,0,0,0,0,0,0,0,0,0,0,0,0,0,0,0,0,0,0,-1,76,72,68,69,70,60,70,66,78,62,69,74,61,72,58,62,69,59,47,42,47,44,82,35,76,66,78,72,60,70,53,61,50,78,62,58,60,66,68,82,76,50,27,0,0,0,0,45,44,25,15,57,34,40,5,9,14,22,57,68,12,20,52,24,14,25,7,5,8,22,9,83,48,45,75,0,15,55,40,19,65,22,24,50,64,6,11,10,0,6,13,21,20,50,25,5,5,23,10,48,57,59,62,82,57,2,1,2,1,1,1,1,1,1,0,1,0,0,2,0,32,37,13,1,29,0,0,0,6,9,3,1,2,2,0,1,2,0,2,1,2,9,8,15,0,0,0,0,0,0,0,0,0,0,0,0,0,0,0,0,0,0,0,0,0,0,0,0,0,0,0,-1,0,0,4,0,1,0,3,0,3,0,3,2,0,3,0,3,0,3,0,3,2,0,3,1,3,0,3,1,3,0,3,0,3,1,3,0,3,8,0,2,379A61F5,A68493ED,2CA104E5,E3B09A6A,0,0,1,0,1,255,0,-99,-59,13,0,0,0,0,0,0,0,0,0,0,0,0,0,0,0,0,0,0,0,0,0,0,0,0,0,0,0,0,0,0,0,0,0,0,0,0,0,0,0,0,0,0,0,0,0,0
,65,Lemon Jr.,Walter,0,0,0,0,1,1,1,0,49215,0,0,1,190.5,180.0,26,7,21,1,1,1,194,-1,2014,0,0,0,1,0,0,50,23,24,8845,0,0,0,0,0,4,0,1,1,0,-1,0,21,0,0,0,0,0,0,3,0,0,0,0,0,0,0,1,1,5,8,6,2,0,25,0,-1,-1,0,75,0,0,0,0,0,0,0,0,-1,-1,-1,-1,-1,-1,-1,-1,-1,-1,-1,-1,-1,-1,-1,-1,-1,-1,-1,-1,-1,0,0,0,0,0,0,0,0,0,0,0,0,0,0,0,0,0,0,0,0,0,0,0,0,0,0,0,0,0,-1,35,72,67,71,75,42,25,77,72,75,84,85,79,83,63,42,35,64,86,82,71,66,32,53,71,56,26,42,31,27,59,48,60,80,90,84,38,68,72,80,66,25,0,0,0,0,0,52,34,29,36,41,17,40,80,5,5,5,85,50,25,50,55,50,0,50,0,25,50,75,50,75,70,50,50,75,25,5,0,0,6,25,30,0,30,0,0,0,100,0,0,0,0,0,0,0,0,25,50,15,25,25,25,35,30,1,1,1,1,1,0,1,1,1,2,2,2,1,2,0,36,32,7,0,15,16,8,7,5,4,9,0,0,0,3,1,1,2,1,4,6,7,0,0,0,0,0,0,0,0,0,0,0,0,0,0,0,0,0,0,0,0,0,0,0,0,0,0,0,0,0,-1,0,1,4,0,3,0,3,0,3,0,3,2,0,3,0,3,0,3,0,3,2,0,3,1,3,0,3,1,3,0,3,0,3,1,3,0,3,8,0,1,8AFFD734,76BA367E,BAAAC531,29209FFC,0,0,1,0,1,255,0,24,-37,5,0,0,0,0,0,0,0,0,0,0,0,0,0,0,0,0,0,0,0,0,0,0,0,0,0,0,0,0,0,0,0,0,0,0,0,0,0,0,0,0,0,0,0,0,0,0
,66,McAdoo,James Michael,0,0,0,0,1,1,1,0,49216,0,3,4,205.74,230.0,4,1,20,1,1,1,15,-1,2014,0,0,0,1,0,0,50,22,23,4539,0,0,0,0,0,3,1,1,1,0,-1,0,1,0,0,8,0,0,0,4,0,0,0,0,0,0,0,0,0,20,3,0,0,0,14,0,-1,-1,0,75,0,0,0,0,0,0,0,0,-1,-1,-1,-1,-1,-1,-1,-1,-1,-1,-1,-1,-1,-1,-1,-1,-1,-1,-1,-1,-1,0,0,0,0,0,0,0,0,0,0,0,0,0,0,0,0,0,0,0,0,0,0,0,0,0,0,0,0,0,-1,65,68,64,50,65,60,70,54,75,49,53,59,55,51,60,65,70,65,48,44,42,40,74,35,58,50,71,62,64,60,52,48,45,76,64,56,60,72,78,70,66,40,0,0,0,0,0,40,40,25,25,1,30,50,25,10,25,0,0,0,0,0,100,0,0,0,0,0,0,0,0,100,60,40,0,0,0,99,80,25,50,0,75,30,20,0,25,75,0,0,0,0,0,0,0,0,0,0,45,40,0,0,0,90,40,1,1,1,1,1,1,1,1,1,1,1,1,1,1,0,50,35,14,0,86,26,5,2,9,12,0,1,1,1,3,2,0,0,1,12,13,26,22,35,3,1,16,7,14,47,55,17,0,0,0,0,0,0,0,0,0,0,0,0,0,0,0,0,0,0,0,-1,0,0,4,0,1,0,3,0,3,0,3,2,0,3,0,3,0,3,0,3,2,0,3,1,3,0,3,0,3,0,3,0,3,0,3,0,3,8,0,1,99719A53,572CD9F4,CC26206F,9B1750A3,0,0,1,0,1,255,0,30,-88,19,0,0,0,0,0,0,0,0,0,0,0,0,0,0,0,0,0,0,0,0,0,0,0,0,0,0,0,0,0,0,0,0,0,0,0,0,0,0,0,0,0,0,0,0,0,0
,67,Moreland,Eric,0,0,0,0,1,1,1,0,49217,0,4,3,208.28,238.0,24,12,22,1,1,1,238,-1,2014,0,0,0,1,0,25,50,25,27,8716,0,0,0,0,0,3,0,1,1,0,-1,0,9,3,0,0,0,0,3,3,0,0,0,0,0,14,0,0,0,23,3,0,0,0,15,0,-1,-1,0,75,0,0,0,0,0,0,0,0,-1,-1,-1,-1,-1,-1,-1,-1,-1,-1,-1,-1,-1,-1,-1,-1,-1,-1,-1,-1,-1,0,0,0,0,0,0,0,0,0,0,0,0,0,0,0,0,0,0,0,0,0,0,0,0,0,0,0,0,0,-1,65,65,62,40,50,82,81,50,79,57,54,55,46,47,62,55,65,45,40,35,40,40,74,50,80,57,84,79,57,62,47,54,39,79,57,52,67,81,78,82,68,25,0,0,0,0,0,51,52,13,26,1,50,25,0,0,5,5,90,100,0,0,52,25,15,0,0,0,15,0,0,85,60,40,0,0,0,50,50,10,25,0,50,75,30,0,0,0,0,0,0,0,0,0,0,0,0,0,20,40,0,0,0,70,70,1,1,1,0,1,1,0,1,1,1,1,1,0,1,0,3,19,9,0,15,18,5,4,0,8,9,0,0,0,1,2,0,0,1,7,4,6,0,0,0,0,0,0,0,0,0,0,0,0,0,0,0,0,0,0,0,0,0,0,0,0,0,0,0,0,0,-1,0,1,4,0,3,2,3,0,3,0,3,2,0,3,2,3,0,3,0,3,2,0,3,1,3,0,3,1,3,0,3,0,3,1,3,0,3,8,0,6,2EB08F29,FC4221A3,DA204DFF,0DE6E634,0,0,1,0,1,255,0,-67,80,16,0,0,0,0,0,0,0,0,0,0,0,0,0,0,0,0,0,0,0,0,0,0,0,0,0,0,0,0,0,0,0,0,0,0,0,0,0,0,0,0,0,0,0,0,0,0
,68,Munford,Xavier,0,0,0,0,1,1,1,0,49218,0,0,1,190.5,195.0,1,6,21,1,1,1,36,-1,2014,0,0,0,1,0,0,50,22,23,8756,0,0,0,0,0,2,0,1,0,0,-1,0,13,0,0,0,0,0,0,3,0,0,0,2,0,0,0,0,1,1,2,0,0,0,14,0,-1,-1,0,75,0,0,0,0,0,0,0,0,-1,-1,-1,-1,-1,-1,-1,-1,-1,-1,-1,-1,-1,-1,-1,-1,-1,-1,-1,-1,-1,0,0,0,0,0,0,0,0,0,0,0,0,0,0,0,0,0,0,0,0,0,0,0,0,0,0,0,0,0,-1,37,71,72,73,75,50,25,79,73,82,69,75,75,83,60,38,31,72,88,84,73,66,27,56,76,54,25,32,25,25,58,47,55,80,90,86,40,70,71,74,66,25,0,0,0,0,0,20,20,15,35,40,5,50,0,15,15,10,55,100,0,0,51,50,0,50,0,25,50,75,50,75,30,85,30,7,25,0,0,25,19,55,89,0,20,0,0,0,0,0,0,15,1,0,15,0,5,0,50,65,0,0,0,86,44,2,1,1,1,0,1,0,1,1,2,0,1,1,2,0,106,24,10,0,77,17,7,8,0,7,9,0,0,0,2,4,3,2,0,0,0,0,0,0,0,0,0,0,0,0,0,0,0,0,0,0,0,0,0,0,0,0,0,0,0,0,0,0,0,0,0,-1,0,0,4,0,1,0,3,0,3,5,3,2,0,3,0,3,0,3,0,3,2,0,3,1,3,0,3,1,3,0,3,0,3,1,3,0,3,8,0,1,6D8BE23F,914EFFF5,5FA0609C,BA078AAB,0,0,1,0,1,255,0,-86,-27,62,0,0,0,0,0,0,0,0,0,0,0,0,0,0,0,0,0,0,0,0,0,0,0,0,0,0,0,0,0,0,0,0,0,0,0,0,0,0,0,0,0,0,0,0,0,0
,69,Sampson,JaKarr,0,0,0,0,1,1,1,0,49219,0,3,2,205.74,207.0,20,3,20,1,1,1,51,-1,2014,0,0,0,1,25,25,50,25,28,4677,0,0,0,0,0,0,0,1,1,0,-1,0,7,0,0,13,0,0,0,1,0,0,0,0,55,0,0,0,1,23,3,0,0,0,1,0,-1,-1,0,75,0,0,0,0,0,0,0,0,-1,-1,-1,-1,-1,-1,-1,-1,-1,-1,-1,-1,-1,-1,-1,-1,-1,-1,-1,-1,-1,0,0,0,0,0,0,0,0,0,0,0,0,0,0,0,0,0,0,0,0,0,0,0,0,0,0,0,0,0,-1,70,69,68,64,62,70,60,57,76,64,63,58,60,53,62,54,58,57,45,40,45,45,53,56,80,58,80,78,55,65,53,58,45,85,65,60,60,73,80,80,68,25,33,32,0,0,0,40,50,15,10,15,50,35,0,10,25,25,0,100,0,0,51,0,0,0,0,0,0,0,0,100,30,70,0,0,0,35,25,5,45,15,90,15,20,0,0,0,0,0,0,0,0,0,0,0,0,0,55,15,0,0,0,50,60,2,1,1,1,1,1,1,1,2,2,1,1,1,1,0,77,13,4,0,88,15,3,2,5,5,7,0,0,2,2,3,4,0,1,4,6,7,0,0,0,0,0,0,0,0,0,0,0,0,0,0,0,0,0,0,0,0,0,0,0,0,0,0,0,0,0,-1,0,1,4,0,1,1,3,0,3,0,3,2,0,3,0,3,0,3,0,3,2,0,3,1,3,0,3,1,3,0,3,0,3,1,3,0,3,8,0,1,FABF5DDD,68C3F066,1DEEB06F,952CFF6F,0,0,1,0,1,255,0,-36,4,137,0,0,0,0,0,0,0,0,0,0,0,0,0,0,0,0,0,0,0,0,0,0,0,0,0,0,0,0,0,0,0,0,0,0,0,0,0,0,0,0,0,0,0,0,0,0
,70,Stockton,David,0,0,0,0,1,1,1,0,49220,0,0,5,180.34,165.0,24,6,22,1,1,1,308,-1,2014,0,0,0,1,0,0,50,26,27,8741,0,0,0,0,0,5,0,1,0,0,-1,0,26,1,0,0,0,0,1,2,0,12,0,0,0,0,0,0,1,0,2,8,0,0,5,0,-1,-1,0,75,0,0,0,0,0,0,0,0,-1,-1,-1,-1,-1,-1,-1,-1,-1,-1,-1,-1,-1,-1,-1,-1,-1,-1,-1,-1,-1,0,0,0,0,0,0,0,0,0,0,0,0,0,0,0,0,0,0,0,0,0,0,0,0,0,0,0,0,0,-1,25,74,64,66,70,25,25,76,69,66,73,72,65,68,52,38,25,62,88,86,77,82,25,46,73,39,25,37,25,25,60,42,40,82,91,84,25,59,64,82,64,45,0,0,0,0,0,30,20,35,30,35,15,30,60,5,5,5,85,100,0,50,58,50,0,50,0,25,50,75,50,75,25,85,10,35,5,3,0,5,49,29,75,0,10,0,0,0,100,0,0,0,0,0,0,0,0,0,85,45,0,0,0,64,39,2,0,1,1,0,1,0,1,1,2,1,1,1,1,0,40,16,2,0,27,15,2,7,0,8,9,0,0,0,2,2,4,1,0,4,0,0,0,0,0,0,0,0,0,0,0,0,0,0,0,0,0,0,0,0,0,0,0,0,0,0,0,0,0,0,0,-1,0,0,4,0,1,0,3,0,3,0,3,2,0,3,0,3,0,3,0,3,2,0,3,1,3,0,3,0,3,0,3,0,3,0,3,0,3,8,0,0,1D4535B0,5EE0F769,526A5858,7C54D6E9,0,0,1,0,1,255,0,36,-109,76,0,0,0,0,0,0,0,0,0,0,0,0,0,0,0,0,0,0,0,0,0,0,0,0,0,0,0,0,0,0,0,0,0,0,0,0,0,0,0,0,0,0,0,0,0,0
,71,Toupane,Axel,0,0,0,0,1,1,1,0,49221,0,1,2,200.66,210.0,23,7,21,1,1,1,351,-1,2014,0,0,0,1,0,0,50,22,23,7579,0,0,0,0,0,3,0,1,1,0,-1,0,4,3,0,8,0,0,3,3,0,0,0,0,0,0,0,0,1,9,6,8,0,0,10,0,-1,-1,0,75,0,0,0,0,0,0,0,0,-1,-1,-1,-1,-1,-1,-1,-1,-1,-1,-1,-1,-1,-1,-1,-1,-1,-1,-1,-1,-1,0,0,0,0,0,0,0,0,0,0,0,0,0,0,0,0,0,0,0,0,0,0,0,0,0,0,0,0,0,-1,55,62,67,65,75,70,44,74,72,67,70,69,72,70,60,53,39,56,72,68,61,49,49,53,69,54,42,48,39,41,51,55,45,78,82,78,48,74,60,80,64,40,0,0,0,0,0,52,38,18,11,38,38,55,11,10,0,0,50,0,0,0,50,50,15,50,5,25,50,0,0,75,55,49,0,0,0,20,18,15,57,10,25,0,55,0,0,0,0,0,0,0,0,0,0,0,0,0,23,33,0,0,0,35,36,1,1,2,1,1,1,1,1,0,1,1,1,1,1,0,75,39,2,0,26,22,13,3,7,1,4,2,0,3,2,3,3,2,1,6,4,7,12,13,0,0,0,0,0,0,0,0,0,0,0,0,0,0,0,0,0,0,0,0,0,0,0,0,0,0,0,-1,0,0,4,0,1,0,3,0,3,0,3,2,0,3,0,3,0,3,0,3,2,0,3,1,3,0,3,0,3,0,3,0,3,0,3,0,3,8,0,6,CCD091AD,A5920184,856B0860,76CED7D6,0,0,1,0,1,255,0,70,53,118,0,0,0,0,0,0,0,0,0,0,0,0,0,0,0,0,0,0,0,0,0,0,0,0,0,0,0,0,0,0,0,0,0,0,0,0,0,0,0,0,0,0,0,0,0,0
,72,Wear,Travis,0,0,0,0,1,1,1,0,49222,0,3,2,208.28,225.0,21,9,23,1,1,1,240,-1,2014,0,0,0,1,0,0,50,25,26,8725,0,0,0,0,0,5,0,1,1,0,-1,0,2,0,0,0,0,0,0,1,0,0,0,0,0,24,0,0,1,22,8,3,0,0,21,0,-1,-1,0,75,0,0,0,0,0,0,0,0,-1,-1,-1,-1,-1,-1,-1,-1,-1,-1,-1,-1,-1,-1,-1,-1,-1,-1,-1,-1,-1,0,0,0,0,0,0,0,0,0,0,0,0,0,0,0,0,0,0,0,0,0,0,0,0,0,0,0,0,0,-1,75,63,69,74,85,50,50,57,72,49,53,59,55,51,57,62,48,71,46,42,41,39,46,41,71,49,57,48,54,56,58,54,65,80,66,62,58,66,50,80,66,40,8,0,0,0,0,43,13,17,28,52,10,65,50,25,0,75,25,100,0,25,51,0,0,0,0,0,0,0,0,100,60,40,40,40,40,15,45,15,40,15,90,0,10,0,0,0,0,0,0,0,0,0,0,0,0,0,78,35,0,0,0,70,40,2,0,0,1,1,1,0,1,2,2,1,1,1,2,0,12,52,6,0,15,18,5,2,5,5,7,0,0,2,1,1,0,0,1,7,23,4,12,2,14,6,0,0,0,0,0,0,0,0,0,0,0,0,0,0,0,0,0,0,0,0,0,0,0,0,0,-1,0,0,4,0,1,0,3,0,3,0,3,2,0,3,0,3,0,3,0,3,2,0,3,1,3,0,3,1,3,0,3,0,3,1,3,0,3,8,0,1,6D8BE23F,914EFFF5,5FA0609C,BA078AAB,0,0,1,0,1,255,0,2,99,70,0,0,0,0,0,0,0,0,0,0,0,0,0,0,0,0,0,0,0,0,0,0,0,0,0,0,0,0,0,0,0,0,0,0,0,0,0,0,0,0,0,0,0,0,0,0
,73,White,Okaro,0,0,0,0,1,1,1,0,49223,0,3,2,203.2,215.0,13,8,21,1,1,1,12,-1,2014,0,0,0,1,0,0,50,26,27,8780,0,0,0,0,0,1,0,1,1,0,-1,0,1,0,0,8,0,0,0,1,0,0,0,0,0,58,0,0,0,15,3,0,0,0,15,0,-1,-1,0,75,0,0,0,0,0,0,0,0,-1,-1,-1,-1,-1,-1,-1,-1,-1,-1,-1,-1,-1,-1,-1,-1,-1,-1,-1,-1,-1,0,0,0,0,0,0,0,0,0,0,0,0,0,0,0,0,0,0,0,0,0,0,0,0,0,0,0,0,0,-1,25,64,68,66,75,60,50,62,73,66,75,65,66,79,62,68,63,57,52,48,44,37,64,52,70,67,54,43,52,68,53,56,50,80,62,56,64,70,72,80,68,50,0,0,0,0,0,36,34,10,16,39,31,25,5,5,10,5,80,0,0,0,100,35,0,25,0,0,25,0,0,85,30,70,0,0,0,60,90,40,65,5,25,5,30,0,0,0,0,0,0,0,0,0,0,0,0,0,10,45,54,60,20,47,60,1,1,1,1,1,1,1,1,1,1,1,1,1,1,0,0,52,17,1,109,30,12,18,7,9,4,1,1,1,0,1,2,0,2,27,29,23,25,35,0,0,0,0,0,0,0,0,0,0,0,0,0,0,0,0,0,0,0,0,0,0,0,0,0,0,0,-1,0,0,4,0,1,0,3,0,3,0,3,2,0,3,0,3,0,3,0,3,2,0,3,1,3,0,3,0,3,0,3,0,3,0,3,0,3,8,0,1,23D07DB3,A2FD69ED,25F90C3D,AA594635,0,0,1,0,1,255,0,-25,36,21,0,0,0,0,0,0,0,0,0,0,0,0,0,0,0,0,0,0,0,0,0,0,0,0,0,0,0,0,0,0,0,0,0,0,0,0,0,0,0,0,0,0,0,0,0,0
,74,Wilson,Jamil,0,0,0,0,1,1,1,0,49224,0,2,3,203.2,229.0,20,11,23,1,1,1,122,-1,2014,0,0,0,1,0,0,50,25,26,8818,0,0,0,0,0,2,0,1,1,0,-1,0,28,4,0,0,0,0,4,3,0,0,0,35,0,0,0,0,1,15,6,3,0,0,13,0,-1,-1,0,75,0,0,0,0,0,0,0,0,-1,-1,-1,-1,-1,-1,-1,-1,-1,-1,-1,-1,-1,-1,-1,-1,-1,-1,-1,-1,-1,0,0,0,0,0,0,0,0,0,0,0,0,0,0,0,0,0,0,0,0,0,0,0,0,0,0,0,0,0,-1,75,64,69,66,70,75,65,67,74,66,75,65,66,79,58,64,56,54,51,47,47,45,61,49,71,55,61,55,53,61,52,47,50,77,68,62,50,76,68,80,65,60,0,0,0,0,0,45,40,10,25,35,15,30,40,5,10,5,80,75,50,25,55,0,0,0,0,0,0,0,0,100,70,30,25,15,15,40,25,30,70,25,80,0,30,0,0,0,100,0,0,0,0,0,0,0,0,0,25,50,0,0,0,55,68,1,1,1,1,1,1,2,1,1,1,2,1,2,1,0,9,21,17,0,9,9,12,11,7,5,9,0,0,0,2,2,6,1,1,6,4,7,9,13,0,0,0,0,0,0,0,0,0,0,0,0,0,0,0,0,0,0,0,0,0,0,0,0,0,0,0,-1,0,0,4,0,1,0,3,0,3,0,3,2,0,3,0,3,0,3,0,3,2,0,3,1,3,0,3,1,3,0,3,0,3,1,3,0,3,8,0,1,99719A53,572CD9F4,CC26206F,9B1750A3,0,0,1,0,1,255,0,-90,89,2,0,0,0,0,0,0,0,0,0,0,0,0,0,0,0,0,0,0,0,0,0,0,0,0,0,0,0,0,0,0,0,0,0,0,0,0,0,0,0,0,0,0,0,0,0,0
,75,Pelle,Norvel,0,0,0,0,1,1,1,0,49225,0,4,3,208.28,231.0,3,2,20,1,1,1,344,-1,2014,0,0,0,1,0,0,50,27,28,8856,0,0,0,0,0,2,0,1,1,0,-1,0,7,0,0,0,0,0,0,3,0,22,0,45,27,12,0,0,0,25,3,4,0,0,14,0,-1,-1,0,75,0,0,0,0,0,0,0,0,-1,-1,-1,-1,-1,-1,-1,-1,-1,-1,-1,-1,-1,-1,-1,-1,-1,-1,-1,-1,-1,0,0,0,0,0,0,0,0,0,0,0,0,0,0,0,0,0,0,0,0,0,0,0,0,0,0,0,0,0,-1,61,66,67,55,65,65,80,62,79,57,66,54,56,56,59,55,62,53,40,35,33,29,77,37,73,52,83,74,61,69,46,54,40,76,54,50,70,62,64,80,68,60,0,0,0,0,0,38,67,34,22,5,47,58,0,15,0,0,100,35,0,0,50,0,0,0,0,0,0,0,0,99,90,10,5,5,5,80,90,25,24,0,75,85,62,90,70,50,0,65,25,50,75,75,25,5,50,0,5,60,0,25,15,75,90,2,1,1,1,0,1,1,1,0,0,1,1,1,0,0,58,9,17,1,16,0,1,18,7,11,5,1,1,1,0,1,0,0,2,25,2,3,15,23,0,0,0,0,0,0,0,0,0,0,0,0,0,0,0,0,0,0,0,0,0,0,0,0,0,0,0,-1,0,0,4,0,3,0,3,0,3,0,3,2,0,3,0,3,0,3,0,3,2,0,3,1,3,0,3,1,3,0,3,0,3,1,3,0,3,8,0,1,1D4535B0,22A96423,8A0705AB,4EC747DC,0,0,1,0,1,255,0,9,32,14,0,0,0,0,0,0,0,0,0,0,0,0,0,0,0,0,0,0,0,0,0,0,0,0,0,0,0,0,0,0,0,0,0,0,0,0,0,0,0,0,0,0,0,0,0,0
,76,Clarke,Coty,0,0,0,0,1,1,1,0,49226,0,2,3,200.66,237.0,4,7,21,1,1,1,253,-1,2014,0,0,0,1,5,15,75,22,23,8753,0,0,0,0,0,3,0,1,1,0,-1,0,10,0,0,0,0,0,0,2,0,0,0,0,35,0,0,0,1,18,3,5,0,0,7,0,-1,-1,0,75,0,0,0,0,0,0,0,0,-1,-1,-1,-1,-1,-1,-1,-1,-1,-1,-1,-1,-1,-1,-1,-1,-1,-1,-1,-1,-1,0,0,0,0,0,0,0,0,0,0,0,0,0,0,0,0,0,0,0,0,0,0,0,0,0,0,0,0,0,-1,66,62,69,65,58,60,70,60,70,70,60,75,60,55,28,47,51,38,43,40,41,30,69,50,65,54,74,55,66,65,54,54,50,70,50,48,60,64,63,75,61,80,0,0,0,0,0,28,43,31,3,4,35,25,25,5,5,0,50,100,0,0,95,0,0,0,0,0,0,0,0,99,40,20,0,0,0,50,50,25,80,0,99,25,27,60,50,75,0,15,15,75,50,90,0,0,0,0,0,75,0,15,0,75,94,2,2,1,1,0,0,1,1,0,0,0,0,0,0,0,0,0,0,0,0,0,0,0,0,0,1,0,0,2,2,3,2,0,2,1,2,3,6,12,0,0,0,0,0,0,0,0,0,0,0,0,0,0,0,0,0,0,0,0,0,0,0,0,0,0,0,-1,0,0,4,0,3,0,3,0,3,0,3,2,0,3,0,3,0,3,0,3,2,0,3,1,3,0,3,1,3,0,3,0,3,1,3,0,3,8,0,1,1BFBFCF4,263DBAED,CDF68DEA,8F5BC97B,0,0,1,0,1,255,0,45,30,7,0,0,0,0,0,0,0,0,0,0,0,0,0,0,0,0,0,0,0,0,0,0,0,0,0,0,0,0,0,0,0,0,0,0,0,0,0,0,0,0,0,0,0,0,0,0
,77,Kirk,Alex,0,0,0,0,1,1,1,0,49227,0,4,5,210.82,252.0,14,11,22,1,1,1,207,-1,2014,0,0,0,1,0,0,50,22,23,4665,0,0,0,0,0,5,0,1,1,0,-1,0,2,0,0,0,0,0,0,3,0,0,0,0,0,0,0,0,0,30,5,4,3,0,53,0,-1,-1,0,75,0,0,0,0,0,0,0,0,-1,-1,-1,-1,-1,-1,-1,-1,-1,-1,-1,-1,-1,-1,-1,-1,-1,-1,-1,-1,-1,0,0,0,0,0,0,0,0,0,0,0,0,0,0,0,0,0,0,0,0,0,0,0,0,0,0,0,0,0,-1,75,61,60,45,64,50,65,55,78,56,58,55,58,62,53,52,66,42,31,30,28,27,65,41,60,40,65,59,65,66,53,48,40,72,46,42,65,45,55,78,60,35,0,0,0,0,0,40,51,12,5,0,20,25,15,5,5,15,75,95,0,5,60,0,0,0,5,0,0,0,0,97,45,55,10,15,0,35,25,48,45,10,50,70,38,20,20,15,30,15,5,25,55,45,10,20,8,0,0,24,50,45,40,70,68,1,1,1,1,1,1,1,1,1,1,1,1,1,1,0,36,64,27,0,121,0,0,0,0,2,7,0,0,0,3,2,1,1,2,15,10,0,0,36,9,7,6,4,0,0,0,0,0,0,0,0,0,0,0,0,0,0,0,0,0,0,0,0,0,0,0,-1,0,0,4,0,3,0,3,0,3,0,3,2,0,3,0,3,0,3,0,3,2,0,3,1,3,0,3,0,3,0,3,0,3,0,3,0,3,8,0,1,F6290A1F,C00AAC32,0844586D,28DEE1D7,0,0,1,0,1,255,0,78,-49,108,0,0,0,0,0,0,0,0,0,0,0,0,0,0,0,0,0,0,0,0,0,0,0,0,0,0,0,0,0,0,0,0,0,0,0,0,0,0,0,0,0,0,0,0,0,0
,78,Whittington,Shayne,0,0,0,0,1,1,1,0,49228,0,3,4,210.82,245.0,27,3,22,1,1,1,173,-1,2014,0,0,0,1,0,0,75,22,23,8719,0,0,0,0,0,5,0,1,1,0,-1,0,11,2,0,0,0,0,2,3,22,0,0,0,0,0,0,0,1,24,2,0,0,0,42,0,-1,-1,0,75,0,0,0,0,0,0,0,0,-1,-1,-1,-1,-1,-1,-1,-1,-1,-1,-1,-1,-1,-1,-1,-1,-1,-1,-1,-1,-1,0,0,0,0,0,0,0,0,0,0,0,0,0,0,0,0,0,0,0,0,0,0,0,0,0,0,0,0,0,-1,30,64,65,61,71,60,70,52,66,58,58,62,59,25,58,60,51,40,44,40,46,47,55,49,69,35,66,58,52,62,48,46,45,72,54,46,68,53,46,64,60,25,0,0,0,0,0,36,37,36,55,10,0,35,40,44,59,18,88,82,50,59,53,85,23,62,61,72,68,82,85,34,40,86,27,58,8,0,0,0,40,55,13,6,50,87,28,19,5,56,18,30,54,45,54,60,51,66,73,2,60,70,25,5,40,1,1,1,1,1,1,1,1,1,1,1,1,1,1,0,56,39,1,0,126,23,3,2,0,8,9,0,0,0,2,3,1,1,0,0,0,0,0,0,0,0,0,0,0,0,0,0,0,0,0,0,0,0,0,0,0,0,0,0,0,0,0,0,0,0,0,-1,0,0,4,0,3,0,3,0,3,0,3,2,0,3,0,3,0,3,0,3,2,0,3,1,3,0,3,0,3,0,3,0,3,0,3,0,3,8,0,1,F6290A1F,C00AAC32,0844586D,28DEE1D7,0,0,1,0,1,255,0,21,86,40,0,0,0,0,0,0,0,0,0,0,0,0,0,0,0,0,0,0,0,0,0,0,0,0,0,0,0,0,0,0,0,0,0,0,0,0,0,0,0,0,0,0,0,0,0,0
,79,Austin,Isaiah,0,0,0,0,1,1,1,0,49229,0,4,5,217.82,220.0,25,10,20,1,1,1,84,-1,2014,0,0,0,1,0,0,50,22,23,3213,0,0,0,0,0,4,0,1,1,0,-1,0,2,2,0,0,0,11,2,1,0,0,9,0,0,56,0,0,0,28,7,5,3,8,21,0,-1,-1,0,75,0,0,0,0,0,0,0,0,-1,-1,-1,-1,-1,-1,-1,-1,-1,-1,-1,-1,-1,-1,-1,-1,-1,-1,-1,-1,-1,0,0,0,0,0,0,0,0,0,0,0,0,0,0,0,0,0,0,0,0,0,0,0,0,0,0,0,0,0,-1,41,62,68,51,68,56,70,53,72,54,54,52,49,53,60,62,73,44,37,33,37,36,80,37,67,41,70,47,63,69,45,56,40,68,56,48,68,56,58,58,62,40,27,0,0,0,0,52,28,27,40,14,35,28,39,21,40,68,25,50,10,14,54,18,18,11,7,8,10,5,2,44,44,48,30,33,32,25,25,33,53,33,50,30,50,11,12,11,0,15,24,17,24,12,30,21,14,15,15,43,26,31,25,72,52,1,1,1,1,0,1,2,1,1,1,1,1,1,1,0,145,64,18,1,118,1,0,1,12,12,0,1,0,0,0,2,2,1,2,1,2,10,15,9,0,0,0,0,0,0,0,0,0,0,0,0,0,0,0,0,0,0,0,0,0,0,0,0,0,0,0,-1,0,0,4,0,1,0,3,0,3,0,3,2,0,3,0,3,0,3,0,3,2,0,3,1,3,0,3,0,3,0,3,0,3,0,3,0,3,8,0,1,23D07DB3,A2FD69ED,25F90C3D,AA594635,0,0,1,0,1,255,0,-70,49,11,0,0,0,0,0,0,0,0,0,0,0,0,0,0,0,0,0,0,0,0,0,0,0,0,0,0,0,0,0,0,0,0,0,0,0,0,0,0,0,0,0,0,0,0,0,0
